CREATE DATABASE  IF NOT EXISTS `rentalroomdb` /*!40100 DEFAULT CHARACTER SET utf8mb4 COLLATE utf8mb4_0900_ai_ci */ /*!80016 DEFAULT ENCRYPTION='N' */;
USE `rentalroomdb`;
-- MySQL dump 10.13  Distrib 8.0.34, for Win64 (x86_64)
--
-- Host: 127.0.0.1    Database: rentalroomdb
-- ------------------------------------------------------
-- Server version	8.2.0

/*!40101 SET @OLD_CHARACTER_SET_CLIENT=@@CHARACTER_SET_CLIENT */;
/*!40101 SET @OLD_CHARACTER_SET_RESULTS=@@CHARACTER_SET_RESULTS */;
/*!40101 SET @OLD_COLLATION_CONNECTION=@@COLLATION_CONNECTION */;
/*!50503 SET NAMES utf8 */;
/*!40103 SET @OLD_TIME_ZONE=@@TIME_ZONE */;
/*!40103 SET TIME_ZONE='+00:00' */;
/*!40014 SET @OLD_UNIQUE_CHECKS=@@UNIQUE_CHECKS, UNIQUE_CHECKS=0 */;
/*!40014 SET @OLD_FOREIGN_KEY_CHECKS=@@FOREIGN_KEY_CHECKS, FOREIGN_KEY_CHECKS=0 */;
/*!40101 SET @OLD_SQL_MODE=@@SQL_MODE, SQL_MODE='NO_AUTO_VALUE_ON_ZERO' */;
/*!40111 SET @OLD_SQL_NOTES=@@SQL_NOTES, SQL_NOTES=0 */;

--
-- Table structure for table `attributes`
--

DROP TABLE IF EXISTS `attributes`;
/*!40101 SET @saved_cs_client     = @@character_set_client */;
/*!50503 SET character_set_client = utf8mb4 */;
CREATE TABLE `attributes` (
  `id` varchar(255) NOT NULL,
  `price` varchar(255) DEFAULT NULL,
  `acreage` varchar(255) DEFAULT NULL,
  `published` varchar(255) DEFAULT NULL,
  `hashtag` varchar(255) DEFAULT NULL,
  `createdAt` datetime NOT NULL,
  `updatedAt` datetime NOT NULL,
  PRIMARY KEY (`id`)
) ENGINE=InnoDB DEFAULT CHARSET=utf8mb4 COLLATE=utf8mb4_0900_ai_ci;
/*!40101 SET character_set_client = @saved_cs_client */;

--
-- Dumping data for table `attributes`
--

LOCK TABLES `attributes` WRITE;
/*!40000 ALTER TABLE `attributes` DISABLE KEYS */;
INSERT INTO `attributes` VALUES ('05589171-07e6-45c4-8b3f-f2cd79b136ec','5 triệu/tháng','35m2','1 giờ trước','605693','2024-06-07 08:36:27','2024-06-07 08:36:27'),('059fe412-55d1-47db-8abf-d1a1e4b0a818','4.1 triệu/tháng','21m2','Hôm nay','296453','2024-06-07 08:36:27','2024-06-07 08:36:27'),('06dfd25c-1c9a-4c50-8586-5fd8ed3761a0','6.5 triệu/tháng','64m2','58 phút trước','605694','2024-06-07 08:26:44','2024-06-07 08:26:44'),('0853fd4c-785a-4659-bc61-ab95339f91dc','7.5 triệu/tháng','40m2','2 giờ trước','585449','2024-06-07 08:26:44','2024-06-07 08:26:44'),('0948de5d-a3ef-441f-9907-0ac4fed4eeef','10 triệu/tháng','200m2','Hôm nay','284965','2024-06-07 08:38:53','2024-06-07 08:38:53'),('0fb33d90-a662-4156-ab8d-0ecaf9324e05','5.9 triệu/tháng','70m2','1 giờ trước','276599','2024-06-07 08:36:27','2024-06-07 08:36:27'),('10ca6c66-57a5-4d2b-83a9-f6ef5709c801','1.4 triệu/tháng','30m2','Hôm nay','605017','2024-06-07 08:40:43','2024-06-07 08:40:43'),('10de59f3-39a5-461a-babf-ad19601681b1','7.5 triệu/tháng','70m2','1 giờ trước','602514','2024-06-07 08:38:53','2024-06-07 08:38:53'),('117eed8f-7684-46c0-b8e6-24fa9bbac99e','40 triệu/tháng','450m2','1 ngày trước','605638','2024-06-07 08:38:53','2024-06-07 08:38:53'),('13123bef-d995-4793-9dab-e9ee2d3c6c81','4.2 triệu/tháng','55m2','1 ngày trước','599068','2024-06-07 08:38:53','2024-06-07 08:38:53'),('1953b5d3-d66a-4adf-a672-8f2158705ad7','7.5 triệu/tháng','40m2','2 giờ trước','585449','2024-06-07 08:36:27','2024-06-07 08:36:27'),('1a2f3895-721e-4f04-ae0b-886d899c0a37','50 triệu/tháng','110m2','06/08/2022','605478','2024-06-07 08:34:32','2024-06-07 08:34:32'),('217ef386-06da-438f-9c19-d8dd21969f87','4 triệu/tháng','102m2','1 ngày trước','605625','2024-06-07 08:38:53','2024-06-07 08:38:53'),('23158940-054d-443f-badd-82eef9d4f49e','5.5 triệu/tháng','40m2','Hôm nay','605648','2024-06-07 08:26:44','2024-06-07 08:26:44'),('29d76962-937d-440d-96dc-86528e366aef','3.2 triệu/tháng','16m2','Hôm nay','317927','2024-06-07 08:40:43','2024-06-07 08:40:43'),('2ae1fcf9-bfad-4e4b-b5ac-24fb50526cfb','1.2 triệu/tháng','30m2','6 giờ trước','603516','2024-06-07 08:40:43','2024-06-07 08:40:43'),('2bd6c73a-63e1-4a7a-b86b-0f23112b94db','7.5 triệu/tháng','40m2','2 giờ trước','303794','2024-06-07 08:36:27','2024-06-07 08:36:27'),('30dab980-0ca2-45c2-a79e-0f7340336886','1.5 triệu/tháng','12m2','Hôm nay','605551','2024-06-07 08:40:43','2024-06-07 08:40:43'),('32f2ac38-ff3b-45ad-90bd-ecc794f03d2a','5.5 triệu/tháng','40m2','Hôm nay','605648','2024-06-07 08:36:27','2024-06-07 08:36:27'),('37b4ae01-63b2-4395-a449-535940f2af1b','5 triệu/tháng','30m2','1 ngày trước','605605','2024-06-07 08:34:32','2024-06-07 08:34:32'),('39b22b3c-bd39-40c1-ad80-1d889a5957de','5.9 triệu/tháng','70m2','1 giờ trước','276599','2024-06-07 08:26:44','2024-06-07 08:26:44'),('3cb1a2b4-eb5e-46de-a794-95146a4b4aab','4.5 triệu/tháng','25m2','6 giờ trước','599644','2024-06-07 08:26:44','2024-06-07 08:26:44'),('40dcea1e-4e4a-4472-90ef-4c66e2680bc8','4.5 triệu/tháng','22m2','Hôm nay','83144','2024-06-07 08:40:43','2024-06-07 08:40:43'),('42591a0e-2454-4f67-a0d7-25d907e558bb','1.4 triệu/tháng','25m2','Hôm nay','605019','2024-06-07 08:40:43','2024-06-07 08:40:43'),('49c23972-1ce6-4fa0-a054-96127382f650','8 triệu/tháng','80m2','16 giờ trước','605654','2024-06-07 08:38:53','2024-06-07 08:38:53'),('4fb4efb1-9a2c-4bbe-a460-19706f6ff520','6.5 triệu/tháng','20m2','2 giờ trước','605447','2024-06-07 08:26:44','2024-06-07 08:26:44'),('52989763-4139-4090-8a2c-f18d0f6f892b','7 triệu/tháng','31m2','1 giờ trước','605692','2024-06-07 08:38:53','2024-06-07 08:38:53'),('53b82898-2033-43f7-8645-16567537fe9b','5 triệu/tháng','90m2','5 giờ trước','605675','2024-06-07 08:38:53','2024-06-07 08:38:53'),('57a0034b-e4d1-4362-8075-5cffc88ec5d4','8 triệu/tháng','30m2','1 ngày trước','605603','2024-06-07 08:38:53','2024-06-07 08:38:53'),('59d807f0-c0af-4e38-856f-d27a567bfeab','700.000 đồng/tháng','20m2','Hôm nay','294491','2024-06-07 08:40:43','2024-06-07 08:40:43'),('59dd6885-3357-440e-a1fd-00e9cb2a20df','5 triệu/tháng','30m2','Hôm nay','277052','2024-06-07 08:40:43','2024-06-07 08:40:43'),('5b9420d8-5f67-4995-b92b-500c0c481cf3','2 triệu/tháng','20m2','Hôm nay','58962','2024-06-07 08:40:43','2024-06-07 08:40:43'),('5d62fba4-722d-4903-bb05-0c1d60737387','5 triệu/tháng','35m2','8 phút trước','605467','2024-06-07 08:36:27','2024-06-07 08:36:27'),('5ed70077-d836-4a92-8be6-8315bcce9d62','7 triệu/tháng','40m2','Hôm nay','605524','2024-06-07 08:26:44','2024-06-07 08:26:44'),('60f59ba1-c723-4845-a867-f320e32553d4','10 triệu/tháng','32m2','6 giờ trước','605337','2024-06-07 08:34:32','2024-06-07 08:34:32'),('61b03515-d791-4631-85a0-d1f29e650cf6','7.5 triệu/tháng','40m2','2 giờ trước','303794','2024-06-07 08:26:44','2024-06-07 08:26:44'),('62fdafb9-73f0-4e9f-a7be-ecaf492cfa8a','5 triệu/tháng','1000m2','06/08/2022','204258','2024-06-07 08:34:32','2024-06-07 08:34:32'),('6c59f2cb-bd13-482f-bebb-9590903686e9','3.8 triệu/tháng','20m2','Hôm nay','605027','2024-06-07 08:40:43','2024-06-07 08:40:43'),('6f6d9409-d744-42cf-b02d-e223d0e72f8f','18 triệu/tháng','140m2','01/08/2022','605178','2024-06-07 08:34:32','2024-06-07 08:34:32'),('71d28a19-bd5d-4ae8-afa1-11fcc8f653ea','6 triệu/tháng','100m2','1 ngày trước','605621','2024-06-07 08:38:53','2024-06-07 08:38:53'),('731f4f13-a76f-4c10-a344-4d92e4151c7d','5 triệu/tháng','30m2','2 giờ trước','594264','2024-06-07 08:36:27','2024-06-07 08:36:27'),('733f05e7-8de5-4e42-bb8c-726223e65734','6 triệu/tháng','40m2','Hôm nay','605655','2024-06-07 08:26:44','2024-06-07 08:26:44'),('745c2d13-1ae2-46eb-94c8-b506be2a77bc','6.5 triệu/tháng','64m2','58 phút trước','605694','2024-06-07 08:36:27','2024-06-07 08:36:27'),('76a74f33-bda6-454a-a8de-7bb8bd56dce5','6 triệu/tháng','100m2','23 giờ trước','605639','2024-06-07 08:38:53','2024-06-07 08:38:53'),('7ae4f4c5-de90-4d6f-89ec-9b74056bff9b','16 triệu/tháng','85m2','3 ngày trước','605510','2024-06-07 08:34:32','2024-06-07 08:34:32'),('7ae68c4c-bad7-4239-a67e-64da22ce7c3f','17 triệu/tháng','112m2','1 giờ trước','283266','2024-06-07 08:38:53','2024-06-07 08:38:53'),('7f6b3b19-240e-4d8e-b417-640bd415a94a','16 triệu/tháng','75m2','2 ngày trước','605265','2024-06-07 08:34:32','2024-06-07 08:34:32'),('81c4b470-82e5-4fe4-9908-ce242cdc4052','5 triệu/tháng','25m2','18 phút trước','602626','2024-06-07 08:36:27','2024-06-07 08:36:27'),('864d3867-f99b-4885-969b-65f56cde9a3c','5 triệu/tháng','120m2','Hôm nay','604250','2024-06-07 08:26:44','2024-06-07 08:26:44'),('88098e1d-3365-440a-a0bc-f2c0a47eaff5','5 triệu/tháng','22m2','Hôm nay','59783','2024-06-07 08:40:43','2024-06-07 08:40:43'),('8936014f-9532-47b9-9b4e-58abf42d8d55','6.4 triệu/tháng','30m2','2 giờ trước','605488','2024-06-07 08:36:27','2024-06-07 08:36:27'),('89a762d5-12b2-4d96-bf19-8f30ddca17ed','20 triệu/tháng','750m2','06/08/2022','242440','2024-06-07 08:34:32','2024-06-07 08:34:32'),('8e0c87d9-7a1f-4d3d-a8b7-c99dc93b2a42','3 triệu/tháng','25m2','Hôm nay','80204','2024-06-07 08:40:43','2024-06-07 08:40:43'),('905bc200-cd59-403f-8c73-612b958a9561','3.9 triệu/tháng','25m2','5 giờ trước','588451','2024-06-07 08:40:43','2024-06-07 08:40:43'),('951ea76c-6f22-4b84-9910-c958eb39c0bf','900.000 đồng/tháng','28m2','Hôm nay','605018','2024-06-07 08:40:43','2024-06-07 08:40:43'),('9761d0c6-d98e-4be0-87a9-9f3de510d89d','5 triệu/tháng','30m2','2 ngày trước','605543','2024-06-07 08:34:32','2024-06-07 08:34:32'),('9a145bba-c4b9-4186-a066-d6db0ceff151','2 triệu/tháng','16m2','Hôm nay','310631','2024-06-07 08:40:43','2024-06-07 08:40:43'),('9c7b75d1-7ab6-4804-a026-587a4d669a97','10 triệu/tháng','48m2','2 giờ trước','604539','2024-06-07 08:38:53','2024-06-07 08:38:53'),('9c948f38-4fb3-4760-9328-9765189b2b36','2.5 triệu/tháng','27m2','7 phút trước','66857','2024-06-07 08:40:43','2024-06-07 08:40:43'),('a30a06de-7b9d-474f-9a5c-f3c2131af230','30 triệu/tháng','162m2','1 ngày trước','605594','2024-06-07 08:34:32','2024-06-07 08:34:32'),('a374d3d9-1c43-4b11-ad0e-9f558a7a9086','5 triệu/tháng','35m2','1 giờ trước','605693','2024-06-07 08:26:44','2024-06-07 08:26:44'),('a8c16259-3a3f-448a-b110-ffcb68936eb0','28 triệu/tháng','300m2','1 ngày trước','605575','2024-06-07 08:38:53','2024-06-07 08:38:53'),('abffac4f-f9ed-45fc-b440-6ad6570b91b5','8 triệu/tháng','100m2','1 ngày trước','605599','2024-06-07 08:34:32','2024-06-07 08:34:32'),('ac86345b-6043-4874-84ec-7626c3bb77e9','26 triệu/tháng','45m2','2 ngày trước','605565','2024-06-07 08:34:32','2024-06-07 08:34:32'),('ad6dee53-f855-4525-bd99-a29e3068f05f','12 triệu/tháng','200m2','1 ngày trước','605610','2024-06-07 08:38:53','2024-06-07 08:38:53'),('ad9d2c69-37b5-49d5-8e0e-6e1f49dc9975','8.8 triệu/tháng','50m2','Hôm nay','605643','2024-06-07 08:26:44','2024-06-07 08:26:44'),('b08d3ce0-0fb5-4451-aad2-b4ea62f6ee2f','5 triệu/tháng','48m2','Hôm nay','595850','2024-06-07 08:38:53','2024-06-07 08:38:53'),('b3f87ece-0c85-4017-a649-cd47c2fb805e','4.1 triệu/tháng','21m2','Hôm nay','296453','2024-06-07 08:26:44','2024-06-07 08:26:44'),('b88d56c5-4669-41ff-8342-b20732aeea20','5 triệu/tháng','25m2','18 phút trước','602626','2024-06-07 08:26:44','2024-06-07 08:26:44'),('bce37668-95ae-4c2a-a756-2f6aa2737e6b','2.3 triệu/tháng','20m2','Hôm nay','311800','2024-06-07 08:40:43','2024-06-07 08:40:43'),('bd209d3e-c4b5-4538-b72b-4261ca311eee','5.8 triệu/tháng','32m2','Hôm nay','605460','2024-06-07 08:36:27','2024-06-07 08:36:27'),('c07bd34c-5865-48e1-96df-1a80dd974bef','12 triệu/tháng','35m2','2 ngày trước','317622','2024-06-07 08:34:32','2024-06-07 08:34:32'),('c13d7a5b-80cf-46fa-a1be-91ff3b0134b2','16 triệu/tháng','112m2','1 giờ trước','602889','2024-06-07 08:34:32','2024-06-07 08:34:32'),('c71c7e1e-f462-4921-ac99-ef2fa3dc3acb','7 triệu/tháng','30m2','1 ngày trước','605585','2024-06-07 08:38:53','2024-06-07 08:38:53'),('c72ab2a3-8d45-4451-9f2d-63358eb49f07','3.5 triệu/tháng','24m2','Hôm nay','282621','2024-06-07 08:40:43','2024-06-07 08:40:43'),('d3549fcc-3055-4270-afd0-abdb9bbdcba6','16 triệu/tháng','100m2','1 ngày trước','605576','2024-06-07 08:38:53','2024-06-07 08:38:53'),('d3a462a4-554d-49db-a56e-066f2f896e16','5 triệu/tháng','120m2','Hôm nay','604250','2024-06-07 08:36:27','2024-06-07 08:36:27'),('d4428a05-3f09-4cf4-bbb6-d76d37b5c724','1.7 triệu/tháng','20m2','Hôm nay','603145','2024-06-07 08:40:43','2024-06-07 08:40:43'),('d6c5b86b-3352-4429-99aa-cbd4618e29f7','7 triệu/tháng','40m2','Hôm nay','605524','2024-06-07 08:36:27','2024-06-07 08:36:27'),('dbf49c35-725d-4db4-9a14-ec0c4f998d50','6.5 triệu/tháng','20m2','2 giờ trước','605447','2024-06-07 08:36:27','2024-06-07 08:36:27'),('ddba8fdf-62ac-4db5-8c0a-d9da6361ce97','3.5 triệu/tháng','20m2','Hôm nay','605646','2024-06-07 08:26:44','2024-06-07 08:26:44'),('de1b596f-0c2c-452b-8091-9ae61e3e5bb9','7 triệu/tháng','22m2','2 giờ trước','605489','2024-06-07 08:26:44','2024-06-07 08:26:44'),('dea07860-fa78-4a2c-851f-9d6399ffcb52','20 triệu/tháng','150m2','1 ngày trước','605577','2024-06-07 08:38:53','2024-06-07 08:38:53'),('def407e1-3494-439a-b85b-11be7c895d0d','3.5 triệu/tháng','20m2','Hôm nay','605646','2024-06-07 08:36:27','2024-06-07 08:36:27'),('dfe1dcb5-373b-4401-9569-46d4d802f1fe','6 triệu/tháng','40m2','Hôm nay','605655','2024-06-07 08:36:27','2024-06-07 08:36:27'),('e2e12df4-b9f4-4e44-8fb7-aca8ea58eab1','3 triệu/tháng','70m2','8 giờ trước','605629','2024-06-07 08:34:32','2024-06-07 08:34:32'),('e449bed9-209b-433f-bd17-f99c00cb0e3c','5.8 triệu/tháng','32m2','Hôm nay','605460','2024-06-07 08:26:44','2024-06-07 08:26:44'),('e4c4add6-a643-496c-9c10-f297e927e056','4.5 triệu/tháng','20m2','49 phút trước','598936','2024-06-07 08:40:43','2024-06-07 08:40:43'),('e9e66ed2-d159-414c-871a-94e7d63608d1','20 triệu/tháng','363m2','Hôm nay','604998','2024-06-07 08:38:53','2024-06-07 08:38:53'),('ebc8bdf7-8949-46fc-9624-0a935359c112','20 triệu/tháng','151m2','05/08/2022','605411','2024-06-07 08:34:32','2024-06-07 08:34:32'),('ec3b4000-f086-4033-b1d2-f08658a6378e','4.5 triệu/tháng','25m2','6 giờ trước','599644','2024-06-07 08:36:27','2024-06-07 08:36:27'),('ec88481d-e90c-4fcf-aee8-053f15e7fd3f','240 triệu/tháng','407m2','01/08/2022','605201','2024-06-07 08:34:32','2024-06-07 08:34:32'),('ee725b0a-c391-4e09-83d6-af2bcbebf3e4','3 triệu/tháng','20m2','03/08/2022','316380','2024-06-07 08:34:32','2024-06-07 08:34:32'),('f430fb6e-0916-4f72-8bf1-15eb01722aef','5 triệu/tháng','35m2','8 phút trước','605467','2024-06-07 08:26:44','2024-06-07 08:26:44'),('f5db3c41-7bfa-4d9c-8257-827d59592788','5 triệu/tháng','30m2','2 giờ trước','594264','2024-06-07 08:26:44','2024-06-07 08:26:44'),('f5f97a0c-0b07-4c47-802c-f374dca5ab6b','6.4 triệu/tháng','30m2','2 giờ trước','605488','2024-06-07 08:26:44','2024-06-07 08:26:44'),('f6e5fa67-7d59-461e-ba40-54e17559f17c','7 triệu/tháng','22m2','2 giờ trước','605489','2024-06-07 08:36:27','2024-06-07 08:36:27'),('f8bf7641-3ae9-4a9f-934c-a1164c34a55e','8.8 triệu/tháng','50m2','Hôm nay','605643','2024-06-07 08:36:27','2024-06-07 08:36:27'),('fcc34c66-0f56-4aea-b710-a9c2051572ab','30 triệu/tháng','105m2','2 ngày trước','602457','2024-06-07 08:34:32','2024-06-07 08:34:32'),('fe0abbc4-b383-4de5-8a7b-a279495939be','350.000 đồng/tháng','999m2','03/08/2022','605309','2024-06-07 08:34:32','2024-06-07 08:34:32');
/*!40000 ALTER TABLE `attributes` ENABLE KEYS */;
UNLOCK TABLES;

--
-- Table structure for table `categories`
--

DROP TABLE IF EXISTS `categories`;
/*!40101 SET @saved_cs_client     = @@character_set_client */;
/*!50503 SET character_set_client = utf8mb4 */;
CREATE TABLE `categories` (
  `id` int NOT NULL AUTO_INCREMENT,
  `code` varchar(255) DEFAULT NULL,
  `value` varchar(255) DEFAULT NULL,
  `header` varchar(255) DEFAULT NULL,
  `subheader` varchar(255) DEFAULT NULL,
  `createdAt` datetime NOT NULL,
  `updatedAt` datetime NOT NULL,
  PRIMARY KEY (`id`)
) ENGINE=InnoDB AUTO_INCREMENT=5 DEFAULT CHARSET=utf8mb4 COLLATE=utf8mb4_0900_ai_ci;
/*!40101 SET character_set_client = @saved_cs_client */;

--
-- Dumping data for table `categories`
--

LOCK TABLES `categories` WRITE;
/*!40000 ALTER TABLE `categories` DISABLE KEYS */;
INSERT INTO `categories` VALUES (1,'CTCH','Cho thuê căn hộ','Cho Thuê Căn Hộ Chung Cư, Giá Rẻ, Mới Nhất 2022','Cho thuê căn hộ - Kênh đăng tin cho thuê căn hộ số 1: giá rẻ, chính chủ, đầy đủ tiện nghi. Cho thuê chung cư với nhiều mức giá, diện tích cho thuê khác nhau.','2024-06-07 15:27:41','2024-06-07 15:27:41'),(2,'CTMB','Cho thuê mặt bằng','Cho Thuê Mặt Bằng, Cho Thuê Văn Phòng, Cửa Hàng, Kiot, Mới Nhất 2022','Cho thuê mặt bằng - Kênh đăng tin cho thuê mặt bằng, cho thuê cửa hàng, cho thuê kiot số 1: giá rẻ, mặt tiền, khu đông dân cư, phù hợp kinh doanh.','2024-06-07 15:27:41','2024-06-07 15:27:41'),(3,'CTPT','Cho thuê phòng trọ','Cho Thuê Phòng Trọ, Giá Rẻ, Tiện Nghi, Mới Nhất 2022','Cho thuê phòng trọ - Kênh thông tin số 1 về phòng trọ giá rẻ, phòng trọ sinh viên, phòng trọ cao cấp mới nhất năm 2022. Tất cả nhà trọ cho thuê giá tốt nhất tại Việt Nam.','2024-06-07 15:27:41','2024-06-07 15:27:41'),(4,'NCT','Nhà cho thuê','Cho Thuê Nhà Nguyên Căn, Giá Rẻ, Chính Chủ, Mới Nhất 2022','Cho thuê nhà nguyên căn - Kênh đăng tin cho thuê nhà số 1: giá rẻ, chính chủ, miễn trung gian, đầy đủ tiện nghi, mức giá, diện tích cho thuê khác nhau.','2024-06-07 15:27:41','2024-06-07 15:27:41');
/*!40000 ALTER TABLE `categories` ENABLE KEYS */;
UNLOCK TABLES;

--
-- Table structure for table `images`
--

DROP TABLE IF EXISTS `images`;
/*!40101 SET @saved_cs_client     = @@character_set_client */;
/*!50503 SET character_set_client = utf8mb4 */;
CREATE TABLE `images` (
  `id` varchar(255) NOT NULL,
  `image` text,
  `createdAt` datetime NOT NULL,
  `updatedAt` datetime NOT NULL,
  PRIMARY KEY (`id`)
) ENGINE=InnoDB DEFAULT CHARSET=utf8mb4 COLLATE=utf8mb4_0900_ai_ci;
/*!40101 SET character_set_client = @saved_cs_client */;

--
-- Dumping data for table `images`
--

LOCK TABLES `images` WRITE;
/*!40000 ALTER TABLE `images` DISABLE KEYS */;
INSERT INTO `images` VALUES ('00067b8e-83ca-4ace-a60c-fa3f37c12a63','[\"https://pt123.cdn.static123.com/images/thumbs/900x600/fit/2022/06/15/c41653e3045dc4039d4c_1655262722.jpg\",\"https://pt123.cdn.static123.com/images/thumbs/900x600/fit/2022/06/23/26b75f21be2d7d73243c_1655961229.jpg\",\"https://pt123.cdn.static123.com/images/thumbs/900x600/fit/2022/06/15/3ab8d3cf4364833ada75_1655262719.jpg\",\"https://pt123.cdn.static123.com/images/thumbs/900x600/fit/2022/06/15/2380247c73c2b39cead3_1655262721.jpg\",\"https://pt123.cdn.static123.com/images/thumbs/900x600/fit/2022/06/15/c692696f3ed1fe8fa7c0_1655262722.jpg\",\"https://pt123.cdn.static123.com/images/thumbs/900x600/fit/2022/06/15/692db3e0e45e24007d4f_1655262721.jpg\",\"https://pt123.cdn.static123.com/images/thumbs/900x600/fit/2022/06/15/ab1094dcc362033c5a73_1655262721.jpg\",\"https://pt123.cdn.static123.com/images/thumbs/900x600/fit/2022/06/15/bd64459d1223d27d8b32_1655262721.jpg\",\"https://pt123.cdn.static123.com/images/thumbs/900x600/fit/2022/06/15/97cb123c458285dcdc93_1655262720.jpg\",\"https://pt123.cdn.static123.com/images/thumbs/900x600/fit/2022/06/15/82e628147faabff4e6bb_1655262719.jpg\",\"https://pt123.cdn.static123.com/images/thumbs/900x600/fit/2022/06/15/e632d3c3847d44231d6c_1655262722.jpg\",\"https://pt123.cdn.static123.com/images/thumbs/900x600/fit/2022/06/15/c41653e3045dc4039d4c_1655262722.jpg\",\"https://pt123.cdn.static123.com/images/thumbs/900x600/fit/2022/06/23/26b75f21be2d7d73243c_1655961229.jpg\"]','2024-06-07 08:34:32','2024-06-07 08:34:32'),('0049eeed-ffc1-4e99-8da2-9e347801eeed','[\"https://pt123.cdn.static123.com/images/thumbs/900x600/fit/2022/08/06/11_1659754120.jpg\",\"https://pt123.cdn.static123.com/images/thumbs/900x600/fit/2022/08/06/1_1659754112.jpg\",\"https://pt123.cdn.static123.com/images/thumbs/900x600/fit/2022/08/06/2_1659754112.jpg\",\"https://pt123.cdn.static123.com/images/thumbs/900x600/fit/2022/08/06/3_1659754113.jpg\",\"https://pt123.cdn.static123.com/images/thumbs/900x600/fit/2022/08/06/4_1659754114.jpg\",\"https://pt123.cdn.static123.com/images/thumbs/900x600/fit/2022/08/06/5_1659754115.jpg\",\"https://pt123.cdn.static123.com/images/thumbs/900x600/fit/2022/08/06/6_1659754115.jpg\",\"https://pt123.cdn.static123.com/images/thumbs/900x600/fit/2022/08/06/7_1659754117.jpg\",\"https://pt123.cdn.static123.com/images/thumbs/900x600/fit/2022/08/06/8_1659754117.jpg\",\"https://pt123.cdn.static123.com/images/thumbs/900x600/fit/2022/08/06/9_1659754118.jpg\",\"https://pt123.cdn.static123.com/images/thumbs/900x600/fit/2022/08/06/10_1659754118.jpg\",\"https://pt123.cdn.static123.com/images/thumbs/900x600/fit/2022/08/06/11_1659754120.jpg\",\"https://pt123.cdn.static123.com/images/thumbs/900x600/fit/2022/08/06/1_1659754112.jpg\"]','2024-06-07 08:26:44','2024-06-07 08:26:44'),('057cecf1-7330-4340-84f7-1654ceebafc5','[\"https://pt123.cdn.static123.com/images/thumbs/900x600/fit/2021/04/09/z2424914262678-e1e1c884e5db156b42184146443f535c_1617942780.jpg\",\"https://pt123.cdn.static123.com/images/thumbs/900x600/fit/2021/04/09/z2424914249891-7cb9b721f4dddc8b263f8105be4b073e_1617942774.jpg\",\"https://pt123.cdn.static123.com/images/thumbs/900x600/fit/2021/04/09/z2424914252175-8054a25b3d6d793752360dc7654e94da_1617942774.jpg\",\"https://pt123.cdn.static123.com/images/thumbs/900x600/fit/2021/04/09/z2424914256971-c568aa022fe302378274d38f7d8a8bc3_1617942777.jpg\",\"https://pt123.cdn.static123.com/images/thumbs/900x600/fit/2021/04/09/z2424914259888-b1e38f28a6d2a74f02f2dcf6c339eadf_1617942777.jpg\",\"https://pt123.cdn.static123.com/images/thumbs/900x600/fit/2021/04/09/z2424914262678-e1e1c884e5db156b42184146443f535c_1617942780.jpg\",\"https://pt123.cdn.static123.com/images/thumbs/900x600/fit/2021/04/09/z2424914249891-7cb9b721f4dddc8b263f8105be4b073e_1617942774.jpg\"]','2024-06-07 08:26:44','2024-06-07 08:26:44'),('06802980-943e-4c82-b1c5-21c63b49ef39','[\"https://pt123.cdn.static123.com/images/thumbs/900x600/fit/2022/08/08/d4a9d93ad931fe4cab96c093a8a0d239-2780296691724921831-result_1659959316.jpg\",\"https://pt123.cdn.static123.com/images/thumbs/900x600/fit/2022/08/08/1aab410175141bd845e847b24ca5cfc1-2780296691971724464-result_1659959315.jpg\",\"https://pt123.cdn.static123.com/images/thumbs/900x600/fit/2022/08/08/6e997d26392b5477bbfd37fb8da32afb-2780296691731800753-result_1659959315.jpg\",\"https://pt123.cdn.static123.com/images/thumbs/900x600/fit/2022/08/08/4479d5d483c65409987fa4b0821afb22-2780296691884527102-result_1659959315.jpg\",\"https://pt123.cdn.static123.com/images/thumbs/900x600/fit/2022/08/08/c224f811c04e78a15cef0c0933453aef-2780296691871182546-result_1659959316.jpg\",\"https://pt123.cdn.static123.com/images/thumbs/900x600/fit/2022/08/08/d4a9d93ad931fe4cab96c093a8a0d239-2780296691724921831-result_1659959316.jpg\",\"https://pt123.cdn.static123.com/images/thumbs/900x600/fit/2022/08/08/1aab410175141bd845e847b24ca5cfc1-2780296691971724464-result_1659959315.jpg\"]','2024-06-07 08:38:53','2024-06-07 08:38:53'),('08db4570-0a40-475c-995f-62574d6c7c31','[]','2024-06-07 08:34:32','2024-06-07 08:34:32'),('0ad9bdf7-3d13-4821-a8b4-f0a7c907ed95','[\"https://pt123.cdn.static123.com/images/thumbs/900x600/fit/2022/08/09/dab682d66269a037f978_1660053876.jpg\",\"https://pt123.cdn.static123.com/images/thumbs/900x600/fit/2022/08/09/2b3ec0242d9befc5b68a_1660053814.jpg\",\"https://pt123.cdn.static123.com/images/thumbs/900x600/fit/2022/08/09/6bc12eefc350010e5841_1660053814.jpg\",\"https://pt123.cdn.static123.com/images/thumbs/900x600/fit/2022/08/09/86a861468ff94da714e8_1660053815.jpg\",\"https://pt123.cdn.static123.com/images/thumbs/900x600/fit/2022/08/09/664f93767ec9bc97e5d8_1660053816.jpg\",\"https://pt123.cdn.static123.com/images/thumbs/900x600/fit/2022/08/09/34886ef8834741191856_1660053817.jpg\",\"https://pt123.cdn.static123.com/images/thumbs/900x600/fit/2022/08/09/d8de4fd6a26960373978_1660053817.jpg\",\"https://pt123.cdn.static123.com/images/thumbs/900x600/fit/2022/08/09/4f7dfb1c1ba3d9fd80b2_1660053875.jpg\",\"https://pt123.cdn.static123.com/images/thumbs/900x600/fit/2022/08/09/5c0cf16f11d0d38e8ac1_1660053875.jpg\",\"https://pt123.cdn.static123.com/images/thumbs/900x600/fit/2022/08/09/8f73f10d11b2d3ec8aa3_1660053876.jpg\",\"https://pt123.cdn.static123.com/images/thumbs/900x600/fit/2022/08/09/55d8fabe1a01d85f8110_1660053876.jpg\",\"https://pt123.cdn.static123.com/images/thumbs/900x600/fit/2022/08/09/dab682d66269a037f978_1660053876.jpg\",\"https://pt123.cdn.static123.com/images/thumbs/900x600/fit/2022/08/09/2b3ec0242d9befc5b68a_1660053814.jpg\"]','2024-06-07 08:26:44','2024-06-07 08:26:44'),('0b5c97a1-696b-48f0-a1d2-8534d32a077c','[\"https://pt123.cdn.static123.com/images/thumbs/900x600/fit/2022/07/19/img-20220523-093654_1658235069.jpg\",\"https://pt123.cdn.static123.com/images/thumbs/900x600/fit/2022/07/19/img-20220521-112955_1658235007.jpg\",\"https://pt123.cdn.static123.com/images/thumbs/900x600/fit/2022/07/19/img-20220521-113045_1658235037.jpg\",\"https://pt123.cdn.static123.com/images/thumbs/900x600/fit/2022/07/19/img-10220521-112955_1658235062.jpg\",\"https://pt123.cdn.static123.com/images/thumbs/900x600/fit/2022/07/19/img-20220521-112927_1658235062.jpg\",\"https://pt123.cdn.static123.com/images/thumbs/900x600/fit/2022/07/19/img-20220521-112932_1658235063.jpg\",\"https://pt123.cdn.static123.com/images/thumbs/900x600/fit/2022/07/19/img-20220521-112947_1658235063.jpg\",\"https://pt123.cdn.static123.com/images/thumbs/900x600/fit/2022/07/19/img-20220523-093301_1658235064.jpg\",\"https://pt123.cdn.static123.com/images/thumbs/900x600/fit/2022/07/19/img-20220523-093335_1658235064.jpg\",\"https://pt123.cdn.static123.com/images/thumbs/900x600/fit/2022/07/19/img-20220523-093352_1658235064.jpg\",\"https://pt123.cdn.static123.com/images/thumbs/900x600/fit/2022/07/19/img-20220523-093400_1658235064.jpg\",\"https://pt123.cdn.static123.com/images/thumbs/900x600/fit/2022/07/19/img-20220523-093418_1658235065.jpg\",\"https://pt123.cdn.static123.com/images/thumbs/900x600/fit/2022/07/19/img-20220523-093436_1658235065.jpg\",\"https://pt123.cdn.static123.com/images/thumbs/900x600/fit/2022/07/19/img-20220523-093457_1658235066.jpg\",\"https://pt123.cdn.static123.com/images/thumbs/900x600/fit/2022/07/19/img-20220523-093507_1658235066.jpg\",\"https://pt123.cdn.static123.com/images/thumbs/900x600/fit/2022/07/19/img-20220523-093528_1658235067.jpg\",\"https://pt123.cdn.static123.com/images/thumbs/900x600/fit/2022/07/19/img-20220523-093558_1658235068.jpg\",\"https://pt123.cdn.static123.com/images/thumbs/900x600/fit/2022/07/19/img-20220523-093641_1658235068.jpg\",\"https://pt123.cdn.static123.com/images/thumbs/900x600/fit/2022/07/19/img-20220523-093648_1658235069.jpg\",\"https://pt123.cdn.static123.com/images/thumbs/900x600/fit/2022/07/19/img-20220523-093654_1658235069.jpg\",\"https://pt123.cdn.static123.com/images/thumbs/900x600/fit/2022/07/19/img-20220521-112955_1658235007.jpg\"]','2024-06-07 08:38:53','2024-06-07 08:38:53'),('0bca3899-5aa4-416f-9fc8-d5d03873696b','[\"https://pt123.cdn.static123.com/images/thumbs/900x600/fit/2020/10/01/z2103932200421-0e8a4a5b053128b54093440156bc117d_1601542084.jpg\",\"https://pt123.cdn.static123.com/images/thumbs/900x600/fit/2020/10/01/z2103932200420-329870744539e3dbf2643c0bee29341d_1601542084.jpg\",\"https://pt123.cdn.static123.com/images/thumbs/900x600/fit/2020/10/01/z2103932200421-0e8a4a5b053128b54093440156bc117d_1601542084.jpg\"]','2024-06-07 08:40:43','2024-06-07 08:40:43'),('0d0a82dd-05de-4b9a-a489-a571745708af','[\"https://pt123.cdn.static123.com/images/thumbs/900x600/fit/2022/08/09/1660022023687_1660026658.jpg\",\"https://pt123.cdn.static123.com/images/thumbs/900x600/fit/2022/08/09/1660023226876_1660026658.jpg\",\"https://pt123.cdn.static123.com/images/thumbs/900x600/fit/2022/08/09/processed-2f7e96c8-258d-4d32-b550-9fd6e9c3be92-wimdpwrs_1660026658.jpg\",\"https://pt123.cdn.static123.com/images/thumbs/900x600/fit/2022/08/09/processed-c8415939-2581-4e73-a97e-c7b7d1068f18-q5qlsayi_1660026658.jpg\",\"https://pt123.cdn.static123.com/images/thumbs/900x600/fit/2022/08/09/1660022023687_1660026658.jpg\"]','2024-06-07 08:38:53','2024-06-07 08:38:53'),('10c5a3b6-3dd9-4f4a-b9ca-02c4d2ccfdcd','[\"https://pt123.cdn.static123.com/images/thumbs/900x600/fit/2022/08/09/1ee78d98cad50f8b56c413_1660047171.jpg\",\"https://pt123.cdn.static123.com/images/thumbs/900x600/fit/2022/08/09/701c0a5f4d12884cd10310_1660047174.jpg\",\"https://pt123.cdn.static123.com/images/thumbs/900x600/fit/2022/08/09/4cb416c8518594dbcd9412_1660047171.jpg\",\"https://pt123.cdn.static123.com/images/thumbs/900x600/fit/2022/08/09/90a971ea36a7f3f9aab611_1660047173.jpg\",\"https://pt123.cdn.static123.com/images/thumbs/900x600/fit/2022/08/09/c595a6d6e19b24c57d8a9_1660047175.jpg\",\"https://pt123.cdn.static123.com/images/thumbs/900x600/fit/2022/08/09/1ee78d98cad50f8b56c413_1660047171.jpg\",\"https://pt123.cdn.static123.com/images/thumbs/900x600/fit/2022/08/09/701c0a5f4d12884cd10310_1660047174.jpg\"]','2024-06-07 08:36:27','2024-06-07 08:36:27'),('114d0d08-74df-4e68-9259-6b0531c3840b','[\"https://pt123.cdn.static123.com/images/thumbs/900x600/fit/2022/08/08/298386668-3214785952094115-27616786622994893-n_1659966373.jpg\",\"https://pt123.cdn.static123.com/images/thumbs/900x600/fit/2022/08/08/296619073-3214786372094073-7261886583614904819-n_1659966371.jpg\",\"https://pt123.cdn.static123.com/images/thumbs/900x600/fit/2022/08/08/296773141-3214786788760698-6038263067267610107-n_1659966371.jpg\",\"https://pt123.cdn.static123.com/images/thumbs/900x600/fit/2022/08/08/296789657-3214786822094028-4341326885056365002-n_1659966371.jpg\",\"https://pt123.cdn.static123.com/images/thumbs/900x600/fit/2022/08/08/297287173-3214786785427365-4214035674552729880-n-1_1659966372.jpg\",\"https://pt123.cdn.static123.com/images/thumbs/900x600/fit/2022/08/08/297486980-3214786748760702-7244501949390307346-n_1659966372.jpg\",\"https://pt123.cdn.static123.com/images/thumbs/900x600/fit/2022/08/08/297824521-3214786815427362-643643908481901285-n_1659966372.jpg\",\"https://pt123.cdn.static123.com/images/thumbs/900x600/fit/2022/08/08/298340723-3214786762094034-253487891555598173-n_1659966372.jpg\",\"https://pt123.cdn.static123.com/images/thumbs/900x600/fit/2022/08/08/298386668-3214785952094115-27616786622994893-n_1659966373.jpg\",\"https://pt123.cdn.static123.com/images/thumbs/900x600/fit/2022/08/08/296619073-3214786372094073-7261886583614904819-n_1659966371.jpg\"]','2024-06-07 08:38:53','2024-06-07 08:38:53'),('1f722502-a45c-4967-bb5e-87f589248f9b','[\"https://pt123.cdn.static123.com/images/thumbs/900x600/fit/2022/07/28/z3600946970304-ca5674183da0a2e71dd8d94192de7d65_1659002334.jpg\",\"https://pt123.cdn.static123.com/images/thumbs/900x600/fit/2022/07/28/z3600949508408-0112c95ab4bcb7b31bccc49f3ad4d78a_1659002332.jpg\",\"https://pt123.cdn.static123.com/images/thumbs/900x600/fit/2022/07/28/z3600946975472-426a2345abdd17744eec7fd976e03ab3_1659002333.jpg\",\"https://pt123.cdn.static123.com/images/thumbs/900x600/fit/2022/07/28/z3600946976010-cb21356b661e2de9f6b585c5fea95a93_1659002333.jpg\",\"https://pt123.cdn.static123.com/images/thumbs/900x600/fit/2022/07/28/z3600946984450-c64f520ecf992877eef52a8028595e34_1659002334.jpg\",\"https://pt123.cdn.static123.com/images/thumbs/900x600/fit/2022/07/28/z3600946970310-6f6ac9d58de13580082fb1fe77e3052f_1659002333.jpg\",\"https://pt123.cdn.static123.com/images/thumbs/900x600/fit/2022/07/28/z3600946970304-ca5674183da0a2e71dd8d94192de7d65_1659002334.jpg\",\"https://pt123.cdn.static123.com/images/thumbs/900x600/fit/2022/07/28/z3600949508408-0112c95ab4bcb7b31bccc49f3ad4d78a_1659002332.jpg\"]','2024-06-07 08:40:43','2024-06-07 08:40:43'),('24943890-bbd7-4caa-addf-2a6c9c2a4f41','[]','2024-06-07 08:34:32','2024-06-07 08:34:32'),('2ef77380-7b99-4f81-9700-23e132a29933','[\"https://pt123.cdn.static123.com/images/thumbs/900x600/fit/2020/05/20/d0174e91-ec8d-4d5e-86e5-164a730409a3_1589914859.jpg\",\"https://pt123.cdn.static123.com/images/thumbs/900x600/fit/2020/01/28/3560164d-3dec-415d-9653-134bdefa11bd_1580150006.jpg\",\"https://pt123.cdn.static123.com/images/thumbs/900x600/fit/2020/01/28/65bfdd79-b2b8-42f7-8095-767886449a6e_1580150008.jpg\",\"https://pt123.cdn.static123.com/images/thumbs/900x600/fit/2020/01/28/ad1ffb63-48f0-4cb8-9fca-0866d32ccc8c_1580150008.jpg\",\"https://pt123.cdn.static123.com/images/thumbs/900x600/fit/2020/01/28/73e004cb-0cfb-4637-8051-c1bc75b05b83_1580150028.jpg\",\"https://pt123.cdn.static123.com/images/thumbs/900x600/fit/2020/01/28/48eea0e2-b68d-4fcb-a52f-9effc5b567f9_1580150057.jpg\",\"https://pt123.cdn.static123.com/images/thumbs/900x600/fit/2020/01/28/2332c387-b5d6-42be-a8e0-4f206710dbbb_1580150057.jpg\",\"https://pt123.cdn.static123.com/images/thumbs/900x600/fit/2020/01/28/743f5204-9282-434c-94ef-a3d1730e1689_1580150081.jpg\",\"https://pt123.cdn.static123.com/images/thumbs/900x600/fit/2020/05/20/284534ae-b539-4822-9601-169c4e84c4f6_1589914840.jpg\",\"https://pt123.cdn.static123.com/images/thumbs/900x600/fit/2020/05/20/d0174e91-ec8d-4d5e-86e5-164a730409a3_1589914859.jpg\",\"https://pt123.cdn.static123.com/images/thumbs/900x600/fit/2020/01/28/3560164d-3dec-415d-9653-134bdefa11bd_1580150006.jpg\"]','2024-06-07 08:40:43','2024-06-07 08:40:43'),('332611e7-210e-44cd-8ceb-bcf586173a62','[\"https://pt123.cdn.static123.com/images/thumbs/900x600/fit/2022/08/10/z3632264611765-d7646d35097fa2c27caa85f81ceb6e2e_1660104159.jpg\",\"https://pt123.cdn.static123.com/images/thumbs/900x600/fit/2022/08/10/z3632264595393-5e805217e506af2794891295be99f7e1_1660104153.jpg\",\"https://pt123.cdn.static123.com/images/thumbs/900x600/fit/2022/08/10/z3632264590861-d89872e3fe68ff125842a31fb14b761f_1660104153.jpg\",\"https://pt123.cdn.static123.com/images/thumbs/900x600/fit/2022/08/10/z3632264600612-70b5508e10330a813f0ea982052e50bd_1660104156.jpg\",\"https://pt123.cdn.static123.com/images/thumbs/900x600/fit/2022/08/10/z3632264608748-6d2aa92f11868ae9be32f43c16c3614c_1660104156.jpg\",\"https://pt123.cdn.static123.com/images/thumbs/900x600/fit/2022/08/10/z3632264611765-d7646d35097fa2c27caa85f81ceb6e2e_1660104159.jpg\",\"https://pt123.cdn.static123.com/images/thumbs/900x600/fit/2022/08/10/z3632264595393-5e805217e506af2794891295be99f7e1_1660104153.jpg\"]','2024-06-07 08:38:53','2024-06-07 08:38:53'),('349a1833-fac7-45f9-93ff-7b3ba94a4461','[\"https://pt123.cdn.static123.com/images/thumbs/900x600/fit/2019/11/11/untitled-1_1573444898.jpg\",\"https://pt123.cdn.static123.com/images/thumbs/900x600/fit/2020/10/19/z2133244556301-8a9cbe16e0113f7cf949c696799f1017_1603082723.jpg\",\"https://pt123.cdn.static123.com/images/thumbs/900x600/fit/2022/06/19/z3503512372042-dd67ee8816bce47752522601aa9b2ee1_1655608659.jpg\",\"https://pt123.cdn.static123.com/images/thumbs/900x600/fit/2022/06/19/z3503512368371-9889aa26268833e13d20e8b3b08ea70a_1655608641.jpg\",\"https://pt123.cdn.static123.com/images/thumbs/900x600/fit/2022/06/19/z3503512363291-0c0f598c9c468abf8b19824ae9c16d8a_1655608650.jpg\",\"https://pt123.cdn.static123.com/images/thumbs/900x600/fit/2021/05/12/128345915-4298642500159697-8586460800481178829-n_1620814727.jpg\",\"https://pt123.cdn.static123.com/images/thumbs/900x600/fit/2021/05/12/185265262-4298642650159682-6848679072622321303-n_1620814733.jpg\",\"https://pt123.cdn.static123.com/images/thumbs/900x600/fit/2021/05/12/185526921-4298642496826364-6069435740867083826-n_1620814752.jpg\",\"https://pt123.cdn.static123.com/images/thumbs/900x600/fit/2021/05/12/185035959-4298642486826365-8301115971696285103-n_1620814742.jpg\",\"https://pt123.cdn.static123.com/images/thumbs/900x600/fit/2020/11/29/z2199889358864-a3e9f14fba286d01882615ff689fc9d2_1606641812.jpg\",\"https://pt123.cdn.static123.com/images/thumbs/900x600/fit/2021/05/12/185266671-4298642443493036-8509148404133987828-n_1620814749.jpg\",\"https://pt123.cdn.static123.com/images/thumbs/900x600/fit/2020/10/19/z2133244539917-4a8333299a99428990f27a130c409ae1_1603082752.jpg\",\"https://pt123.cdn.static123.com/images/thumbs/900x600/fit/2019/06/29/675d553774399067c928_1561793514.jpg\",\"https://pt123.cdn.static123.com/images/thumbs/900x600/fit/2019/11/11/untitled-1_1573444898.jpg\"]','2024-06-07 08:40:43','2024-06-07 08:40:43'),('35fc9c66-a687-48a6-a9ab-323d3255e647','[]','2024-06-07 08:38:53','2024-06-07 08:38:53'),('380d2dfe-4860-4fb5-9f01-8536ffe160bf','[\"https://pt123.cdn.static123.com/images/thumbs/900x600/fit/2022/08/09/924d5e18ffa03dfe64b1_1660052080.jpg\",\"https://pt123.cdn.static123.com/images/thumbs/900x600/fit/2022/08/09/3b8e3f8a9e325c6c0523_1660052077.jpg\",\"https://pt123.cdn.static123.com/images/thumbs/900x600/fit/2022/08/09/4d6cd27973c1b19fe8d0_1660052077.jpg\",\"https://pt123.cdn.static123.com/images/thumbs/900x600/fit/2022/08/09/17d342f1e34921177858_1660052079.jpg\",\"https://pt123.cdn.static123.com/images/thumbs/900x600/fit/2022/08/09/329e20c1817943271a68_1660052079.jpg\",\"https://pt123.cdn.static123.com/images/thumbs/900x600/fit/2022/08/09/924d5e18ffa03dfe64b1_1660052080.jpg\",\"https://pt123.cdn.static123.com/images/thumbs/900x600/fit/2022/08/09/3b8e3f8a9e325c6c0523_1660052077.jpg\"]','2024-06-07 08:36:27','2024-06-07 08:36:27'),('3af813d4-1b9c-4c64-8f4f-2f1a38e5dc7c','[\"https://pt123.cdn.static123.com/images/thumbs/900x600/fit/2022/03/09/hyty_1646820534.jpg\",\"https://pt123.cdn.static123.com/images/thumbs/900x600/fit/2022/03/05/k5_1646446171.jpg\",\"https://pt123.cdn.static123.com/images/thumbs/900x600/fit/2022/03/05/k4_1646446171.jpg\",\"https://pt123.cdn.static123.com/images/thumbs/900x600/fit/2022/03/05/k3_1646446172.jpg\",\"https://pt123.cdn.static123.com/images/thumbs/900x600/fit/2022/03/05/k2_1646446172.jpg\",\"https://pt123.cdn.static123.com/images/thumbs/900x600/fit/2022/03/05/k1_1646446173.jpg\",\"https://pt123.cdn.static123.com/images/thumbs/900x600/fit/2022/03/09/kk_1646820084.jpg\",\"https://pt123.cdn.static123.com/images/thumbs/900x600/fit/2022/03/09/kky_1646820083.jpg\",\"https://pt123.cdn.static123.com/images/thumbs/900x600/fit/2022/03/09/kyy_1646820083.jpg\",\"https://pt123.cdn.static123.com/images/thumbs/900x600/fit/2022/03/09/l8_1646820283.jpg\",\"https://pt123.cdn.static123.com/images/thumbs/900x600/fit/2022/03/09/hyty_1646820534.jpg\",\"https://pt123.cdn.static123.com/images/thumbs/900x600/fit/2022/03/05/k5_1646446171.jpg\"]','2024-06-07 08:40:43','2024-06-07 08:40:43'),('3be618ba-a1fb-4fa0-b837-b527b6fb9091','[\"https://pt123.cdn.static123.com/images/thumbs/900x600/fit/2021/12/12/acfe5ec5-27ca-4864-80d5-045097e95b83_1639324508.jpg\",\"https://pt123.cdn.static123.com/images/thumbs/900x600/fit/2021/12/12/411fcef9-6d2e-45e1-acd7-94579d55b9e5_1639324407.jpg\",\"https://pt123.cdn.static123.com/images/thumbs/900x600/fit/2021/12/12/8d0ddefe-48fd-4941-8995-45fc5335a5c8_1639324506.jpg\",\"https://pt123.cdn.static123.com/images/thumbs/900x600/fit/2021/12/12/847160b1-9cfd-462c-a764-f542945d6ba6_1639324401.jpg\",\"https://pt123.cdn.static123.com/images/thumbs/900x600/fit/2021/12/12/6bc9d7ec-8241-454e-963a-e49a535bfcbf_1639324506.jpg\",\"https://pt123.cdn.static123.com/images/thumbs/900x600/fit/2021/12/12/b2a9fec6-5f2b-4ce3-a503-8e4ae4794704_1639324404.jpg\",\"https://pt123.cdn.static123.com/images/thumbs/900x600/fit/2021/12/12/ca1fbb2f-8fde-4e27-a0a7-5f74e6b8c594_1639324404.jpg\",\"https://pt123.cdn.static123.com/images/thumbs/900x600/fit/2021/12/12/e731c38b-94d8-41c0-868c-c44ae29c3308_1639324405.jpg\",\"https://pt123.cdn.static123.com/images/thumbs/900x600/fit/2021/12/12/52d27d98-81cc-40a3-bcfa-30d086c3a081_1639324408.jpg\",\"https://pt123.cdn.static123.com/images/thumbs/900x600/fit/2021/12/12/acfe5ec5-27ca-4864-80d5-045097e95b83_1639324508.jpg\",\"https://pt123.cdn.static123.com/images/thumbs/900x600/fit/2021/12/12/411fcef9-6d2e-45e1-acd7-94579d55b9e5_1639324407.jpg\"]','2024-06-07 08:26:44','2024-06-07 08:26:44'),('3e096b6d-0c81-4c45-ae1c-aae3c923727c','[\"https://pt123.cdn.static123.com/images/thumbs/900x600/fit/2022/08/05/img-1659710873407-1659710889836_1659712134.jpg\",\"https://pt123.cdn.static123.com/images/thumbs/900x600/fit/2022/08/05/img-1659710874006-1659710890335_1659712133.jpg\",\"https://pt123.cdn.static123.com/images/thumbs/900x600/fit/2022/08/05/img-1659710873542-1659710890073_1659712131.jpg\",\"https://pt123.cdn.static123.com/images/thumbs/900x600/fit/2022/08/05/img-1659710873842-1659710890268_1659712131.jpg\",\"https://pt123.cdn.static123.com/images/thumbs/900x600/fit/2022/08/05/img-1659710874469-1659710890541_1659712132.jpg\",\"https://pt123.cdn.static123.com/images/thumbs/900x600/fit/2022/08/05/img-1659710873643-1659710890143_1659712132.jpg\",\"https://pt123.cdn.static123.com/images/thumbs/900x600/fit/2022/08/05/img-1659710874599-1659710890606_1659712133.jpg\",\"https://pt123.cdn.static123.com/images/thumbs/900x600/fit/2022/08/05/img-1659710874317-1659710890471_1659712133.jpg\",\"https://pt123.cdn.static123.com/images/thumbs/900x600/fit/2022/08/05/img-1659710874150-1659710890403_1659712133.jpg\",\"https://pt123.cdn.static123.com/images/thumbs/900x600/fit/2022/08/05/img-1659710873718-1659710890213_1659712134.jpg\",\"https://pt123.cdn.static123.com/images/thumbs/900x600/fit/2022/08/05/img-1659710873487-1659710889971_1659712134.jpg\",\"https://pt123.cdn.static123.com/images/thumbs/900x600/fit/2022/08/05/img-1659710873407-1659710889836_1659712134.jpg\",\"https://pt123.cdn.static123.com/images/thumbs/900x600/fit/2022/08/05/img-1659710874006-1659710890335_1659712133.jpg\"]','2024-06-07 08:36:27','2024-06-07 08:36:27'),('3f393e50-9318-4d28-978c-6dfdf78e639b','[]','2024-06-07 08:34:32','2024-06-07 08:34:32'),('42f3725f-6d92-437f-9c3a-0bc5c31588bb','[\"https://pt123.cdn.static123.com/images/thumbs/900x600/fit/2022/08/03/z3464631015264-9fbfef38193dde30ab383d10ef0f60ef_1659514256.jpg\",\"https://pt123.cdn.static123.com/images/thumbs/900x600/fit/2022/08/03/z3464630844798-48bc9d567d9dd54eed2cdc3e2938c742_1659514225.jpg\",\"https://pt123.cdn.static123.com/images/thumbs/900x600/fit/2022/08/03/dien-tich-cho-thue-the-artemis-3_1659514249.jpg\",\"https://pt123.cdn.static123.com/images/thumbs/900x600/fit/2022/08/03/thiet-ke-van-phong-dep-3_1659514249.jpg\",\"https://pt123.cdn.static123.com/images/thumbs/900x600/fit/2022/08/03/z3464630718093-5ef1f089f63532837e7334b1f4e589fa_1659514250.jpg\",\"https://pt123.cdn.static123.com/images/thumbs/900x600/fit/2022/08/03/z3464630882501-5a6ab446b93ff17946c0a3e021ee322a_1659514250.jpg\",\"https://pt123.cdn.static123.com/images/thumbs/900x600/fit/2022/08/03/z3464630899496-20c384a7a7127144b1004fe333651136_1659514252.jpg\",\"https://pt123.cdn.static123.com/images/thumbs/900x600/fit/2022/08/03/z3464630971543-efc44b9cca9cf6c52604e7e6f592daf3_1659514253.jpg\",\"https://pt123.cdn.static123.com/images/thumbs/900x600/fit/2022/08/03/z3464631005076-4b1f2ab6fab5e0f6dc78ad7f74f940e5_1659514254.jpg\",\"https://pt123.cdn.static123.com/images/thumbs/900x600/fit/2022/08/03/z3464631032645-525d5f4416f0f4636f7b405045f16ae8_1659514255.jpg\",\"https://pt123.cdn.static123.com/images/thumbs/900x600/fit/2022/08/03/z3464631015264-9fbfef38193dde30ab383d10ef0f60ef_1659514256.jpg\",\"https://pt123.cdn.static123.com/images/thumbs/900x600/fit/2022/08/03/z3464630844798-48bc9d567d9dd54eed2cdc3e2938c742_1659514225.jpg\"]','2024-06-07 08:34:32','2024-06-07 08:34:32'),('4658aa0b-710d-4da8-b043-09294cc0bc02','[\"https://pt123.cdn.static123.com/images/thumbs/900x600/fit/2022/07/27/hinh-2707-sau-khi-sua-9_1658890847.jpg\",\"https://pt123.cdn.static123.com/images/thumbs/900x600/fit/2022/07/27/hinh-2707-sau-khi-sua-7_1658890843.jpg\",\"https://pt123.cdn.static123.com/images/thumbs/900x600/fit/2022/08/02/2507-2_1659407814.jpg\",\"https://pt123.cdn.static123.com/images/thumbs/900x600/fit/2022/08/02/hinh-1-2107_1659407820.jpg\",\"https://pt123.cdn.static123.com/images/thumbs/900x600/fit/2022/07/27/hinh-2707-sau-khi-sua-1_1658890831.jpg\",\"https://pt123.cdn.static123.com/images/thumbs/900x600/fit/2022/07/27/hinh-2707-sau-khi-sua-6_1658890841.jpg\",\"https://pt123.cdn.static123.com/images/thumbs/900x600/fit/2022/07/27/hinh-2707-sau-khi-sua-3_1658890834.jpg\",\"https://pt123.cdn.static123.com/images/thumbs/900x600/fit/2022/07/20/hinh-1-5_1658279087.jpg\",\"https://pt123.cdn.static123.com/images/thumbs/900x600/fit/2022/07/27/hinh-2707-sau-khi-sua-2_1658890830.jpg\",\"https://pt123.cdn.static123.com/images/thumbs/900x600/fit/2022/06/26/hinh-1-2_1656206427.jpg\",\"https://pt123.cdn.static123.com/images/thumbs/900x600/fit/2022/06/26/hinh-1-3_1656206428.jpg\",\"https://pt123.cdn.static123.com/images/thumbs/900x600/fit/2022/07/20/hinh-1-6_1658279088.jpg\",\"https://pt123.cdn.static123.com/images/thumbs/900x600/fit/2022/07/27/hinh-2707-sau-khi-sua-4_1658890837.jpg\",\"https://pt123.cdn.static123.com/images/thumbs/900x600/fit/2022/07/27/hinh-2707-sau-khi-sua-5_1658890839.jpg\",\"https://pt123.cdn.static123.com/images/thumbs/900x600/fit/2022/07/27/hinh-2707-sau-khi-sua-8_1658890845.jpg\",\"https://pt123.cdn.static123.com/images/thumbs/900x600/fit/2022/07/27/hinh-2707-sau-khi-sua-9_1658890847.jpg\"]','2024-06-07 08:40:43','2024-06-07 08:40:43'),('496929dc-d9af-4315-888f-2c6df99d7fa7','[\"https://pt123.cdn.static123.com/images/thumbs/900x600/fit/2022/07/28/fc1d94be-e75f-4a37-a3a6-03e50ad94fcb_1658975901.jpg\",\"https://pt123.cdn.static123.com/images/thumbs/900x600/fit/2022/07/28/6233f697-d078-4c51-96b2-a3e0ce5a0b6c_1658975896.jpg\",\"https://pt123.cdn.static123.com/images/thumbs/900x600/fit/2022/07/28/d35feb63-4e70-405f-b481-0a33798d86fc_1658975896.jpg\",\"https://pt123.cdn.static123.com/images/thumbs/900x600/fit/2022/07/28/c246ba04-5432-4829-a885-7d33768dbc4a_1658975898.jpg\",\"https://pt123.cdn.static123.com/images/thumbs/900x600/fit/2022/07/28/5250cb7e-2322-47bf-b812-2ecf5c947214_1658975900.jpg\",\"https://pt123.cdn.static123.com/images/thumbs/900x600/fit/2022/07/28/e409d800-3082-4cd6-bd64-f318116ce95f_1658975899.jpg\",\"https://pt123.cdn.static123.com/images/thumbs/900x600/fit/2022/07/28/5c8fd23b-618e-4dc2-9d3d-89848f096465_1658975901.jpg\",\"https://pt123.cdn.static123.com/images/thumbs/900x600/fit/2022/07/28/d112c386-13d0-4a00-a614-c482131c707d_1658975902.jpg\",\"https://pt123.cdn.static123.com/images/thumbs/900x600/fit/2022/07/28/3a745a7a-009a-4bbb-8b2c-f96e665937a2_1658975898.jpg\",\"https://pt123.cdn.static123.com/images/thumbs/900x600/fit/2022/07/28/fc1d94be-e75f-4a37-a3a6-03e50ad94fcb_1658975901.jpg\",\"https://pt123.cdn.static123.com/images/thumbs/900x600/fit/2022/07/28/6233f697-d078-4c51-96b2-a3e0ce5a0b6c_1658975896.jpg\"]','2024-06-07 08:38:53','2024-06-07 08:38:53'),('4b687b2f-9c4e-4874-a5a4-327a660f76a8','[\"https://pt123.cdn.static123.com/images/thumbs/900x600/fit/2022/08/06/img-1659177688778-1659773379857_1659777936.jpg\",\"https://pt123.cdn.static123.com/images/thumbs/900x600/fit/2022/08/06/img-1659177688786-1659773379964_1659777936.jpg\",\"https://pt123.cdn.static123.com/images/thumbs/900x600/fit/2022/08/06/img-1659177688789-1659773380041_1659777934.jpg\",\"https://pt123.cdn.static123.com/images/thumbs/900x600/fit/2022/08/06/img-1659177688796-1659773380228_1659777934.jpg\",\"https://pt123.cdn.static123.com/images/thumbs/900x600/fit/2022/08/06/img-1659177688791-1659773380112_1659777934.jpg\",\"https://pt123.cdn.static123.com/images/thumbs/900x600/fit/2022/08/06/img-1659177688798-1659773380296_1659777934.jpg\",\"https://pt123.cdn.static123.com/images/thumbs/900x600/fit/2022/08/06/img-1659177688794-1659773380182_1659777935.jpg\",\"https://pt123.cdn.static123.com/images/thumbs/900x600/fit/2022/08/06/img-1659177688774-1659773379779_1659777935.jpg\",\"https://pt123.cdn.static123.com/images/thumbs/900x600/fit/2022/08/06/img-1659177688763-1659773379414_1659777935.jpg\",\"https://pt123.cdn.static123.com/images/thumbs/900x600/fit/2022/08/06/img-1659177688782-1659773379911_1659777936.jpg\",\"https://pt123.cdn.static123.com/images/thumbs/900x600/fit/2022/08/06/img-1659177688778-1659773379857_1659777936.jpg\",\"https://pt123.cdn.static123.com/images/thumbs/900x600/fit/2022/08/06/img-1659177688786-1659773379964_1659777936.jpg\"]','2024-06-07 08:36:27','2024-06-07 08:36:27'),('4b7e6622-b00b-43e9-be6f-7fcfc7f6580d','[\"https://pt123.cdn.static123.com/images/thumbs/900x600/fit/2022/08/10/03bc35f0-c6fa-4429-be6d-33f9375bc1e5_1660121327.jpg\",\"https://pt123.cdn.static123.com/images/thumbs/900x600/fit/2022/08/10/1d290d68-aeb5-44d5-b7a7-dec0522e85be_1660121326.jpg\",\"https://pt123.cdn.static123.com/images/thumbs/900x600/fit/2022/08/10/8a721088-9f25-45da-8b3f-81bf11dda521_1660121326.jpg\",\"https://pt123.cdn.static123.com/images/thumbs/900x600/fit/2022/08/10/5a234074-18cc-4bf3-b904-6804f00584ca_1660121326.jpg\",\"https://pt123.cdn.static123.com/images/thumbs/900x600/fit/2022/08/10/d0b845d2-bff2-45b5-baf5-cb174caf3461_1660121326.jpg\",\"https://pt123.cdn.static123.com/images/thumbs/900x600/fit/2022/08/10/588941a3-cacf-4ebd-b409-31b3b03d1cb4_1660121327.jpg\",\"https://pt123.cdn.static123.com/images/thumbs/900x600/fit/2022/08/10/63e11d8a-4ebb-4385-ac0f-0a6edc409ab1_1660121327.jpg\",\"https://pt123.cdn.static123.com/images/thumbs/900x600/fit/2022/08/10/9e4ce4c7-7c7e-4341-adea-1bbe1ba3745f_1660121327.jpg\",\"https://pt123.cdn.static123.com/images/thumbs/900x600/fit/2022/08/10/bb4b0e49-f33b-42fd-9220-a8fd71c96909_1660121327.jpg\",\"https://pt123.cdn.static123.com/images/thumbs/900x600/fit/2022/08/10/03bc35f0-c6fa-4429-be6d-33f9375bc1e5_1660121327.jpg\",\"https://pt123.cdn.static123.com/images/thumbs/900x600/fit/2022/08/10/1d290d68-aeb5-44d5-b7a7-dec0522e85be_1660121326.jpg\"]','2024-06-07 08:36:27','2024-06-07 08:36:27'),('4ebb072b-de2f-4935-8c4a-f145c767afa8','[\"https://pt123.cdn.static123.com/images/thumbs/900x600/fit/2022/07/28/7041eddc052cff72a63d_1658997072.jpg\",\"https://pt123.cdn.static123.com/images/thumbs/900x600/fit/2022/07/28/c97b82136820907ec931_1658997073.jpg\",\"https://pt123.cdn.static123.com/images/thumbs/900x600/fit/2022/07/28/5021c4a9a35c45021c4d_1658997058.jpg\",\"https://pt123.cdn.static123.com/images/thumbs/900x600/fit/2022/07/28/toa-nha-52_1658997059.jpg\",\"https://pt123.cdn.static123.com/images/thumbs/900x600/fit/2022/07/28/3fbaab5943a9b9f7e0b8_1658997071.jpg\",\"https://pt123.cdn.static123.com/images/thumbs/900x600/fit/2022/07/28/5c7e95137f20877ede31_1658997071.jpg\",\"https://pt123.cdn.static123.com/images/thumbs/900x600/fit/2022/07/28/7041eddc052cff72a63d_1658997072.jpg\",\"https://pt123.cdn.static123.com/images/thumbs/900x600/fit/2022/07/28/c97b82136820907ec931_1658997073.jpg\"]','2024-06-07 08:40:43','2024-06-07 08:40:43'),('515279c4-7391-4571-950a-0fa74c8b04a9','[\"https://pt123.cdn.static123.com/images/thumbs/900x600/fit/2022/08/10/03bc35f0-c6fa-4429-be6d-33f9375bc1e5_1660121327.jpg\",\"https://pt123.cdn.static123.com/images/thumbs/900x600/fit/2022/08/10/1d290d68-aeb5-44d5-b7a7-dec0522e85be_1660121326.jpg\",\"https://pt123.cdn.static123.com/images/thumbs/900x600/fit/2022/08/10/8a721088-9f25-45da-8b3f-81bf11dda521_1660121326.jpg\",\"https://pt123.cdn.static123.com/images/thumbs/900x600/fit/2022/08/10/5a234074-18cc-4bf3-b904-6804f00584ca_1660121326.jpg\",\"https://pt123.cdn.static123.com/images/thumbs/900x600/fit/2022/08/10/d0b845d2-bff2-45b5-baf5-cb174caf3461_1660121326.jpg\",\"https://pt123.cdn.static123.com/images/thumbs/900x600/fit/2022/08/10/588941a3-cacf-4ebd-b409-31b3b03d1cb4_1660121327.jpg\",\"https://pt123.cdn.static123.com/images/thumbs/900x600/fit/2022/08/10/63e11d8a-4ebb-4385-ac0f-0a6edc409ab1_1660121327.jpg\",\"https://pt123.cdn.static123.com/images/thumbs/900x600/fit/2022/08/10/9e4ce4c7-7c7e-4341-adea-1bbe1ba3745f_1660121327.jpg\",\"https://pt123.cdn.static123.com/images/thumbs/900x600/fit/2022/08/10/bb4b0e49-f33b-42fd-9220-a8fd71c96909_1660121327.jpg\",\"https://pt123.cdn.static123.com/images/thumbs/900x600/fit/2022/08/10/03bc35f0-c6fa-4429-be6d-33f9375bc1e5_1660121327.jpg\",\"https://pt123.cdn.static123.com/images/thumbs/900x600/fit/2022/08/10/1d290d68-aeb5-44d5-b7a7-dec0522e85be_1660121326.jpg\"]','2024-06-07 08:26:44','2024-06-07 08:26:44'),('51579d9d-d46a-4007-86b9-a3ce8b37f490','[\"https://pt123.cdn.static123.com/images/thumbs/900x600/fit/2020/06/01/img-1590980061476-1590980066812_1590981186.jpg\",\"https://pt123.cdn.static123.com/images/thumbs/900x600/fit/2020/06/01/img-1590980061081-1590980066620_1590981186.jpg\",\"https://pt123.cdn.static123.com/images/thumbs/900x600/fit/2020/06/01/img-1590980061867-1590980066927_1590981185.jpg\",\"https://pt123.cdn.static123.com/images/thumbs/900x600/fit/2020/06/01/img-1590980061672-1590980066865_1590981185.jpg\",\"https://pt123.cdn.static123.com/images/thumbs/900x600/fit/2020/06/01/img-1590980061257-1590980066748_1590981186.jpg\",\"https://pt123.cdn.static123.com/images/thumbs/900x600/fit/2020/06/01/img-1590980061476-1590980066812_1590981186.jpg\",\"https://pt123.cdn.static123.com/images/thumbs/900x600/fit/2020/06/01/img-1590980061081-1590980066620_1590981186.jpg\"]','2024-06-07 08:26:44','2024-06-07 08:26:44'),('566c14aa-5334-471f-b084-0b3286953228','[\"https://pt123.cdn.static123.com/images/thumbs/900x600/fit/2022/07/19/6310726d-d075-4e35-b1cb-cf5616bf5212_1658240491.jpg\",\"https://pt123.cdn.static123.com/images/thumbs/900x600/fit/2022/07/19/9c60836e-26b2-4737-a6c8-60cb5187fa4c_1658240485.jpg\",\"https://pt123.cdn.static123.com/images/thumbs/900x600/fit/2022/07/19/716c753e-8e03-4cc8-9d09-e52ec19ce01b_1658240485.jpg\",\"https://pt123.cdn.static123.com/images/thumbs/900x600/fit/2022/07/19/400e7ebd-5d88-48af-8599-0d074a1ee014_1658240494.jpg\",\"https://pt123.cdn.static123.com/images/thumbs/900x600/fit/2022/07/19/1379ebdf-eda5-4ef8-bb22-7da1d19551f2_1658240490.jpg\",\"https://pt123.cdn.static123.com/images/thumbs/900x600/fit/2022/07/19/6310726d-d075-4e35-b1cb-cf5616bf5212_1658240491.jpg\",\"https://pt123.cdn.static123.com/images/thumbs/900x600/fit/2022/07/19/9c60836e-26b2-4737-a6c8-60cb5187fa4c_1658240485.jpg\"]','2024-06-07 08:36:27','2024-06-07 08:36:27'),('56c71713-38f1-4049-91a1-3ffd804e67f5','[\"https://pt123.cdn.static123.com/images/thumbs/900x600/fit/2022/08/06/img-1659528711095-1659530169709_1659778239.jpg\",\"https://pt123.cdn.static123.com/images/thumbs/900x600/fit/2022/08/06/img-1659528711632-1659530170099_1659778237.jpg\",\"https://pt123.cdn.static123.com/images/thumbs/900x600/fit/2022/08/06/img-1659528711556-1659530170048_1659778237.jpg\",\"https://pt123.cdn.static123.com/images/thumbs/900x600/fit/2022/08/06/img-1659528711714-1659530170161_1659778237.jpg\",\"https://pt123.cdn.static123.com/images/thumbs/900x600/fit/2022/08/06/img-1659528711494-1659530169997_1659778237.jpg\",\"https://pt123.cdn.static123.com/images/thumbs/900x600/fit/2022/08/06/img-1659528711415-1659530169944_1659778238.jpg\",\"https://pt123.cdn.static123.com/images/thumbs/900x600/fit/2022/08/06/img-1659528711040-1659530169561_1659778238.jpg\",\"https://pt123.cdn.static123.com/images/thumbs/900x600/fit/2022/08/06/img-1659528711254-1659530169837_1659778238.jpg\",\"https://pt123.cdn.static123.com/images/thumbs/900x600/fit/2022/08/06/img-1659528711344-1659530169895_1659778238.jpg\",\"https://pt123.cdn.static123.com/images/thumbs/900x600/fit/2022/08/06/img-1659528711192-1659530169774_1659778239.jpg\",\"https://pt123.cdn.static123.com/images/thumbs/900x600/fit/2022/08/06/img-1659528711095-1659530169709_1659778239.jpg\",\"https://pt123.cdn.static123.com/images/thumbs/900x600/fit/2022/08/06/img-1659528711632-1659530170099_1659778237.jpg\"]','2024-06-07 08:26:44','2024-06-07 08:26:44'),('571cd32b-8bfa-489f-8bb0-be281f44908f','[\"https://pt123.cdn.static123.com/images/thumbs/900x600/fit/2022/05/16/1ee31478-d6a4-4d40-a09a-7ce01e44df6a_1652684859.jpg\",\"https://pt123.cdn.static123.com/images/thumbs/900x600/fit/2020/09/30/b1bb98e2-e0ce-462d-a5a2-d407cdffd0ac_1601433829.jpg\",\"https://pt123.cdn.static123.com/images/thumbs/900x600/fit/2020/10/09/42e51ace-c065-45af-9abd-9b05dda51fc2_1602188781.jpg\",\"https://pt123.cdn.static123.com/images/thumbs/900x600/fit/2022/05/16/5e42751f-0ed8-40df-828a-6bff6d9ea7db_1652684858.jpg\",\"https://pt123.cdn.static123.com/images/thumbs/900x600/fit/2022/05/16/2ebb6e64-b951-453c-96e1-f33f93866771_1652684858.jpg\",\"https://pt123.cdn.static123.com/images/thumbs/900x600/fit/2022/05/16/1ee31478-d6a4-4d40-a09a-7ce01e44df6a_1652684859.jpg\",\"https://pt123.cdn.static123.com/images/thumbs/900x600/fit/2020/09/30/b1bb98e2-e0ce-462d-a5a2-d407cdffd0ac_1601433829.jpg\"]','2024-06-07 08:40:43','2024-06-07 08:40:43'),('5abe29c1-afa0-416e-8d90-6537a21edd02','[\"https://pt123.cdn.static123.com/images/thumbs/900x600/fit/2022/08/09/dab682d66269a037f978_1660053876.jpg\",\"https://pt123.cdn.static123.com/images/thumbs/900x600/fit/2022/08/09/2b3ec0242d9befc5b68a_1660053814.jpg\",\"https://pt123.cdn.static123.com/images/thumbs/900x600/fit/2022/08/09/6bc12eefc350010e5841_1660053814.jpg\",\"https://pt123.cdn.static123.com/images/thumbs/900x600/fit/2022/08/09/86a861468ff94da714e8_1660053815.jpg\",\"https://pt123.cdn.static123.com/images/thumbs/900x600/fit/2022/08/09/664f93767ec9bc97e5d8_1660053816.jpg\",\"https://pt123.cdn.static123.com/images/thumbs/900x600/fit/2022/08/09/34886ef8834741191856_1660053817.jpg\",\"https://pt123.cdn.static123.com/images/thumbs/900x600/fit/2022/08/09/d8de4fd6a26960373978_1660053817.jpg\",\"https://pt123.cdn.static123.com/images/thumbs/900x600/fit/2022/08/09/4f7dfb1c1ba3d9fd80b2_1660053875.jpg\",\"https://pt123.cdn.static123.com/images/thumbs/900x600/fit/2022/08/09/5c0cf16f11d0d38e8ac1_1660053875.jpg\",\"https://pt123.cdn.static123.com/images/thumbs/900x600/fit/2022/08/09/8f73f10d11b2d3ec8aa3_1660053876.jpg\",\"https://pt123.cdn.static123.com/images/thumbs/900x600/fit/2022/08/09/55d8fabe1a01d85f8110_1660053876.jpg\",\"https://pt123.cdn.static123.com/images/thumbs/900x600/fit/2022/08/09/dab682d66269a037f978_1660053876.jpg\",\"https://pt123.cdn.static123.com/images/thumbs/900x600/fit/2022/08/09/2b3ec0242d9befc5b68a_1660053814.jpg\"]','2024-06-07 08:36:27','2024-06-07 08:36:27'),('5e508abf-87a8-4d51-ac32-d496e685a4d3','[\"https://pt123.cdn.static123.com/images/thumbs/900x600/fit/2018/11/23/wp-20161225-11-09-36-pro_1542975423.jpg\",\"https://pt123.cdn.static123.com/images/thumbs/900x600/fit/2018/11/23/wp-20151110-10-52-08-pro-1_1542975371.jpg\",\"https://pt123.cdn.static123.com/images/thumbs/900x600/fit/2018/11/23/wp-20151110-15-00-53-pro_1542975380.jpg\",\"https://pt123.cdn.static123.com/images/thumbs/900x600/fit/2018/11/23/wp-20161225-11-08-21-pro_1542975393.jpg\",\"https://pt123.cdn.static123.com/images/thumbs/900x600/fit/2018/11/23/wp-20161225-11-07-52-pro_1542975407.jpg\",\"https://pt123.cdn.static123.com/images/thumbs/900x600/fit/2018/11/23/wp-20161225-11-09-36-pro_1542975423.jpg\",\"https://pt123.cdn.static123.com/images/thumbs/900x600/fit/2018/11/23/wp-20151110-10-52-08-pro-1_1542975371.jpg\"]','2024-06-07 08:40:43','2024-06-07 08:40:43'),('6210907f-862c-4743-8bf0-5ead705a231c','[\"https://pt123.cdn.static123.com/images/thumbs/900x600/fit/2022/04/13/4362cff3-0c1c-4d47-ba14-99d18b56fc23_1649860892.jpg\",\"https://pt123.cdn.static123.com/images/thumbs/900x600/fit/2022/04/13/fb686a4c-75bd-4513-96a6-51f53c78659d_1649860891.jpg\",\"https://pt123.cdn.static123.com/images/thumbs/900x600/fit/2022/04/13/f1e12394-2f47-4059-8cd2-5a958b056c8a_1649860891.jpg\",\"https://pt123.cdn.static123.com/images/thumbs/900x600/fit/2022/04/13/a3494112-b3be-488a-baa8-e269c3e5265a_1649860891.jpg\",\"https://pt123.cdn.static123.com/images/thumbs/900x600/fit/2022/04/13/9a093991-c982-4eb6-b883-5df36818c24b_1649860891.jpg\",\"https://pt123.cdn.static123.com/images/thumbs/900x600/fit/2022/04/13/4362cff3-0c1c-4d47-ba14-99d18b56fc23_1649860892.jpg\",\"https://pt123.cdn.static123.com/images/thumbs/900x600/fit/2022/04/13/fb686a4c-75bd-4513-96a6-51f53c78659d_1649860891.jpg\"]','2024-06-07 08:38:53','2024-06-07 08:38:53'),('62991eb6-fd2b-4a48-8bd4-00ac7d70b1c0','[\"https://pt123.cdn.static123.com/images/thumbs/900x600/fit/2022/08/06/img-1659177688778-1659773379857_1659777936.jpg\",\"https://pt123.cdn.static123.com/images/thumbs/900x600/fit/2022/08/06/img-1659177688786-1659773379964_1659777936.jpg\",\"https://pt123.cdn.static123.com/images/thumbs/900x600/fit/2022/08/06/img-1659177688789-1659773380041_1659777934.jpg\",\"https://pt123.cdn.static123.com/images/thumbs/900x600/fit/2022/08/06/img-1659177688796-1659773380228_1659777934.jpg\",\"https://pt123.cdn.static123.com/images/thumbs/900x600/fit/2022/08/06/img-1659177688791-1659773380112_1659777934.jpg\",\"https://pt123.cdn.static123.com/images/thumbs/900x600/fit/2022/08/06/img-1659177688798-1659773380296_1659777934.jpg\",\"https://pt123.cdn.static123.com/images/thumbs/900x600/fit/2022/08/06/img-1659177688794-1659773380182_1659777935.jpg\",\"https://pt123.cdn.static123.com/images/thumbs/900x600/fit/2022/08/06/img-1659177688774-1659773379779_1659777935.jpg\",\"https://pt123.cdn.static123.com/images/thumbs/900x600/fit/2022/08/06/img-1659177688763-1659773379414_1659777935.jpg\",\"https://pt123.cdn.static123.com/images/thumbs/900x600/fit/2022/08/06/img-1659177688782-1659773379911_1659777936.jpg\",\"https://pt123.cdn.static123.com/images/thumbs/900x600/fit/2022/08/06/img-1659177688778-1659773379857_1659777936.jpg\",\"https://pt123.cdn.static123.com/images/thumbs/900x600/fit/2022/08/06/img-1659177688786-1659773379964_1659777936.jpg\"]','2024-06-07 08:26:44','2024-06-07 08:26:44'),('65b73716-add9-4635-a01f-21a3da498eed','[\"https://pt123.cdn.static123.com/images/thumbs/900x600/fit/2022/08/09/z2067452592060-ca1c8692a31370b08a87fa3343a89d27_1660008771.jpg\",\"https://pt123.cdn.static123.com/images/thumbs/900x600/fit/2022/07/28/z2067453014533-159e2066bc246ba87efb9724ee984819_1658996394.jpg\",\"https://pt123.cdn.static123.com/images/thumbs/900x600/fit/2022/07/28/z2067452704268-08b1ab57600b1bbd640aa9aa98d4cff7_1658996393.jpg\",\"https://pt123.cdn.static123.com/images/thumbs/900x600/fit/2022/08/09/z2067452592060-ca1c8692a31370b08a87fa3343a89d27_1660008771.jpg\",\"https://pt123.cdn.static123.com/images/thumbs/900x600/fit/2022/07/28/z2067453014533-159e2066bc246ba87efb9724ee984819_1658996394.jpg\"]','2024-06-07 08:40:43','2024-06-07 08:40:43'),('667a575b-6fc0-4463-b137-a7dd017f8236','[\"https://pt123.cdn.static123.com/images/thumbs/900x600/fit/2019/07/12/dsc-0737_1562919431.jpg\",\"https://pt123.cdn.static123.com/images/thumbs/900x600/fit/2019/07/12/dsc-0730_1562919396.jpg\",\"https://pt123.cdn.static123.com/images/thumbs/900x600/fit/2019/07/12/dsc-0721_1562919411.jpg\",\"https://pt123.cdn.static123.com/images/thumbs/900x600/fit/2019/07/12/dsc-0734_1562919454.jpg\",\"https://pt123.cdn.static123.com/images/thumbs/900x600/fit/2019/07/12/dsc-0731_1562919472.jpg\",\"https://pt123.cdn.static123.com/images/thumbs/900x600/fit/2019/07/12/dsc-0723_1562919538.jpg\",\"https://pt123.cdn.static123.com/images/thumbs/900x600/fit/2019/07/12/dsc-0737_1562919431.jpg\",\"https://pt123.cdn.static123.com/images/thumbs/900x600/fit/2019/07/12/dsc-0730_1562919396.jpg\"]','2024-06-07 08:38:53','2024-06-07 08:38:53'),('6921a594-02ac-4726-8c84-98a61a1ddcb0','[\"https://pt123.cdn.static123.com/images/thumbs/900x600/fit/2021/01/19/img-4316_1611068535.jpg\",\"https://pt123.cdn.static123.com/images/thumbs/900x600/fit/2021/01/19/img-4249_1611068531.jpg\",\"https://pt123.cdn.static123.com/images/thumbs/900x600/fit/2022/03/14/kl_1647219522.jpg\",\"https://pt123.cdn.static123.com/images/thumbs/900x600/fit/2022/03/14/j_1647219522.jpg\",\"https://pt123.cdn.static123.com/images/thumbs/900x600/fit/2021/01/19/img-4247_1611068531.jpg\",\"https://pt123.cdn.static123.com/images/thumbs/900x600/fit/2021/01/19/img-4316_1611068535.jpg\",\"https://pt123.cdn.static123.com/images/thumbs/900x600/fit/2021/01/19/img-4249_1611068531.jpg\"]','2024-06-07 08:40:43','2024-06-07 08:40:43'),('715b76ae-abad-48b4-9bf7-35f3ed7dc087','[\"https://pt123.cdn.static123.com/images/thumbs/900x600/fit/2020/06/01/img-1590980061476-1590980066812_1590981186.jpg\",\"https://pt123.cdn.static123.com/images/thumbs/900x600/fit/2020/06/01/img-1590980061081-1590980066620_1590981186.jpg\",\"https://pt123.cdn.static123.com/images/thumbs/900x600/fit/2020/06/01/img-1590980061867-1590980066927_1590981185.jpg\",\"https://pt123.cdn.static123.com/images/thumbs/900x600/fit/2020/06/01/img-1590980061672-1590980066865_1590981185.jpg\",\"https://pt123.cdn.static123.com/images/thumbs/900x600/fit/2020/06/01/img-1590980061257-1590980066748_1590981186.jpg\",\"https://pt123.cdn.static123.com/images/thumbs/900x600/fit/2020/06/01/img-1590980061476-1590980066812_1590981186.jpg\",\"https://pt123.cdn.static123.com/images/thumbs/900x600/fit/2020/06/01/img-1590980061081-1590980066620_1590981186.jpg\"]','2024-06-07 08:36:27','2024-06-07 08:36:27'),('804ddd4d-c9c5-4679-9616-f6418b5cf913','[\"https://pt123.cdn.static123.com/images/thumbs/900x600/fit/2022/08/09/screenshot-20220729-163736_1660039483.png\",\"https://pt123.cdn.static123.com/images/thumbs/900x600/fit/2022/08/09/img-20220730-085144_1660039479.jpg\",\"https://pt123.cdn.static123.com/images/thumbs/900x600/fit/2022/08/09/img-1657879580490-1659145893782_1660039479.jpg\",\"https://pt123.cdn.static123.com/images/thumbs/900x600/fit/2022/08/09/screenshot-20220729-163742_1660039480.png\",\"https://pt123.cdn.static123.com/images/thumbs/900x600/fit/2022/08/09/screenshot-20220729-163739_1660039480.png\",\"https://pt123.cdn.static123.com/images/thumbs/900x600/fit/2022/08/09/screenshot-20220729-163736_1660039483.png\",\"https://pt123.cdn.static123.com/images/thumbs/900x600/fit/2022/08/09/img-20220730-085144_1660039479.jpg\"]','2024-06-07 08:38:53','2024-06-07 08:38:53'),('80cb1cc8-93f7-4869-bb58-c85f3ff5d8f6','[\"https://pt123.cdn.static123.com/images/thumbs/900x600/fit/2022/08/10/f93e1ece578892d6cb99_1660067038.jpg\",\"https://pt123.cdn.static123.com/images/thumbs/900x600/fit/2022/08/10/2abd7f4d360bf355aa1a_1660067037.jpg\",\"https://pt123.cdn.static123.com/images/thumbs/900x600/fit/2022/08/10/140ca1f2e8b42dea74a5_1660067037.jpg\",\"https://pt123.cdn.static123.com/images/thumbs/900x600/fit/2022/08/10/356f4c9105d7c08999c6_1660067038.jpg\",\"https://pt123.cdn.static123.com/images/thumbs/900x600/fit/2022/08/10/b63fe8cfa18964d73d98_1660067038.jpg\",\"https://pt123.cdn.static123.com/images/thumbs/900x600/fit/2022/08/10/d9060ef747b182efdba0_1660067038.jpg\",\"https://pt123.cdn.static123.com/images/thumbs/900x600/fit/2022/08/10/f93e1ece578892d6cb99_1660067038.jpg\",\"https://pt123.cdn.static123.com/images/thumbs/900x600/fit/2022/08/10/2abd7f4d360bf355aa1a_1660067037.jpg\"]','2024-06-07 08:26:44','2024-06-07 08:26:44'),('8518dc23-d3ae-406c-a88d-765b9d0ff449','[\"https://pt123.cdn.static123.com/images/thumbs/900x600/fit/2022/08/01/z3563363842420-bd99a0306b5d81e26735a95ea9a05e91_1659326198.jpg\",\"https://pt123.cdn.static123.com/images/thumbs/900x600/fit/2022/08/01/z3563363799805-2293796af84bb4b3c13dd2773c509abe_1659326193.jpg\",\"https://pt123.cdn.static123.com/images/thumbs/900x600/fit/2022/08/01/z3563363806313-f414f1e0dfefb1c4a394c746c620a23b_1659326193.jpg\",\"https://pt123.cdn.static123.com/images/thumbs/900x600/fit/2022/08/01/z3563363812719-a97c90dd163aaac614e1d9ad1c44fc19_1659326194.jpg\",\"https://pt123.cdn.static123.com/images/thumbs/900x600/fit/2022/08/01/z3563363812332-95d0bbbaebb6973587ac028725b07afc_1659326194.jpg\",\"https://pt123.cdn.static123.com/images/thumbs/900x600/fit/2022/08/01/z3563363808230-8574725a1ae5a5a9330af48fd75dc49e_1659326195.jpg\",\"https://pt123.cdn.static123.com/images/thumbs/900x600/fit/2022/08/01/z3563363812763-b1560d3dbe9a58f6965b120012b298eb_1659326195.jpg\",\"https://pt123.cdn.static123.com/images/thumbs/900x600/fit/2022/08/01/z3563363822093-53ea38449a1be9cfea6ea9ed38ef301b_1659326196.jpg\",\"https://pt123.cdn.static123.com/images/thumbs/900x600/fit/2022/08/01/z3563363823042-01094297177700ce86acfa358c7417e0_1659326196.jpg\",\"https://pt123.cdn.static123.com/images/thumbs/900x600/fit/2022/08/01/z3563363826795-5112448dcbe1bd07709847e306493c2d_1659326196.jpg\",\"https://pt123.cdn.static123.com/images/thumbs/900x600/fit/2022/08/01/z3563363829045-630a2414753f8688695423b3b062a47b_1659326196.jpg\",\"https://pt123.cdn.static123.com/images/thumbs/900x600/fit/2022/08/01/z3563363834447-857f05e1e1c140f30d813ad00d401391_1659326197.jpg\",\"https://pt123.cdn.static123.com/images/thumbs/900x600/fit/2022/08/01/z3563363838476-797bac5839bea942be44506352178aa3_1659326197.jpg\",\"https://pt123.cdn.static123.com/images/thumbs/900x600/fit/2022/08/01/z3563363848378-812420eb6d1f51d6bc66d589585a9a13_1659326197.jpg\",\"https://pt123.cdn.static123.com/images/thumbs/900x600/fit/2022/08/01/z3563363842420-bd99a0306b5d81e26735a95ea9a05e91_1659326198.jpg\",\"https://pt123.cdn.static123.com/images/thumbs/900x600/fit/2022/08/01/z3563363799805-2293796af84bb4b3c13dd2773c509abe_1659326193.jpg\"]','2024-06-07 08:34:32','2024-06-07 08:34:32'),('896ed816-68c6-463f-8327-c0bf8d755db8','[\"https://pt123.cdn.static123.com/images/thumbs/900x600/fit/2022/08/05/z3535814355606-b21dfcefe095d978aeed8b10ce4678d3_1659670117.jpg\",\"https://pt123.cdn.static123.com/images/thumbs/900x600/fit/2022/08/05/z3578497826109-7c34eec0caf8decd69bd9e49e623deb5_1659670112.jpg\",\"https://pt123.cdn.static123.com/images/thumbs/900x600/fit/2022/08/05/z3600993966293-d0029754f9502309032c0db64b4f5c12_1659670103.jpg\",\"https://pt123.cdn.static123.com/images/thumbs/900x600/fit/2022/08/05/z3513378490087-1ef5ada78b709ae3d482a9ddaf36720c_1659670099.jpg\",\"https://pt123.cdn.static123.com/images/thumbs/900x600/fit/2022/08/05/z3600995337855-2acb75a3b23bee8f1ba5644df439d9b8_1659670104.jpg\",\"https://pt123.cdn.static123.com/images/thumbs/900x600/fit/2022/08/05/z3600997314033-696fd795f37f1e828ba9733b326b569a_1659670106.jpg\",\"https://pt123.cdn.static123.com/images/thumbs/900x600/fit/2022/08/05/z3601002218992-060788347ec3e78a91f0df11bec307a2_1659670107.jpg\",\"https://pt123.cdn.static123.com/images/thumbs/900x600/fit/2022/08/05/z3605326683169-b88897b221438edd29a95f74e2ca0ad8_1659670102.jpg\",\"https://pt123.cdn.static123.com/images/thumbs/900x600/fit/2022/08/05/z3593344130678-25d2fc9d1b0097df9335ad5b45d51cc8_1659670110.jpg\",\"https://pt123.cdn.static123.com/images/thumbs/900x600/fit/2022/08/05/z3593344098214-2e27431803beca945d4171a55086f404_1659670107.jpg\",\"https://pt123.cdn.static123.com/images/thumbs/900x600/fit/2022/08/05/z3593343726824-a369a9919ed6271d00a9b7eb38b9268c_1659670108.jpg\",\"https://pt123.cdn.static123.com/images/thumbs/900x600/fit/2022/08/05/z3593343630973-9df13081a2a17ec79c3c9e8f4e44de9f_1659670110.jpg\",\"https://pt123.cdn.static123.com/images/thumbs/900x600/fit/2022/08/05/z3605326668723-460b6c27a57ec59f7af4b585210ef738_1659670098.jpg\",\"https://pt123.cdn.static123.com/images/thumbs/900x600/fit/2022/08/05/z3578497889506-87f02522288643611c5659db06bf0d9c_1659670114.jpg\",\"https://pt123.cdn.static123.com/images/thumbs/900x600/fit/2022/08/05/z3578497876891-c17b1dd912f9bfba9fbc6357e7f08f4d_1659670112.jpg\",\"https://pt123.cdn.static123.com/images/thumbs/900x600/fit/2022/08/05/z3557601762865-9881aee71bd06d38a5566cbb8fe7e5b3_1659670114.jpg\",\"https://pt123.cdn.static123.com/images/thumbs/900x600/fit/2022/08/05/z3535814355606-b21dfcefe095d978aeed8b10ce4678d3_1659670117.jpg\",\"https://pt123.cdn.static123.com/images/thumbs/900x600/fit/2022/08/05/z3578497826109-7c34eec0caf8decd69bd9e49e623deb5_1659670112.jpg\"]','2024-06-07 08:34:32','2024-06-07 08:34:32'),('9144e610-0e83-4070-a270-9c90fc2f9f40','[\"https://pt123.cdn.static123.com/images/thumbs/900x600/fit/2021/12/12/acfe5ec5-27ca-4864-80d5-045097e95b83_1639324508.jpg\",\"https://pt123.cdn.static123.com/images/thumbs/900x600/fit/2021/12/12/411fcef9-6d2e-45e1-acd7-94579d55b9e5_1639324407.jpg\",\"https://pt123.cdn.static123.com/images/thumbs/900x600/fit/2021/12/12/8d0ddefe-48fd-4941-8995-45fc5335a5c8_1639324506.jpg\",\"https://pt123.cdn.static123.com/images/thumbs/900x600/fit/2021/12/12/847160b1-9cfd-462c-a764-f542945d6ba6_1639324401.jpg\",\"https://pt123.cdn.static123.com/images/thumbs/900x600/fit/2021/12/12/6bc9d7ec-8241-454e-963a-e49a535bfcbf_1639324506.jpg\",\"https://pt123.cdn.static123.com/images/thumbs/900x600/fit/2021/12/12/b2a9fec6-5f2b-4ce3-a503-8e4ae4794704_1639324404.jpg\",\"https://pt123.cdn.static123.com/images/thumbs/900x600/fit/2021/12/12/ca1fbb2f-8fde-4e27-a0a7-5f74e6b8c594_1639324404.jpg\",\"https://pt123.cdn.static123.com/images/thumbs/900x600/fit/2021/12/12/e731c38b-94d8-41c0-868c-c44ae29c3308_1639324405.jpg\",\"https://pt123.cdn.static123.com/images/thumbs/900x600/fit/2021/12/12/52d27d98-81cc-40a3-bcfa-30d086c3a081_1639324408.jpg\",\"https://pt123.cdn.static123.com/images/thumbs/900x600/fit/2021/12/12/acfe5ec5-27ca-4864-80d5-045097e95b83_1639324508.jpg\",\"https://pt123.cdn.static123.com/images/thumbs/900x600/fit/2021/12/12/411fcef9-6d2e-45e1-acd7-94579d55b9e5_1639324407.jpg\"]','2024-06-07 08:36:27','2024-06-07 08:36:27'),('927f1c22-373a-4eae-9169-7759d13bb642','[\"https://pt123.cdn.static123.com/images/thumbs/900x600/fit/2022/08/08/z3627069171908-a53f21af52445834e52df1d86a08cee4-1-result_1659959497.jpg\",\"https://pt123.cdn.static123.com/images/thumbs/900x600/fit/2022/08/08/z3627069137662-99e60fc288637c45ab6e7973c079dab4-1-result_1659959496.jpg\",\"https://pt123.cdn.static123.com/images/thumbs/900x600/fit/2022/08/08/z3627069140164-993006cbf7905523fcbe49da025b0de6-1-result_1659959496.jpg\",\"https://pt123.cdn.static123.com/images/thumbs/900x600/fit/2022/08/08/z3627069148083-03c4e16c10952f4f9996d1c2bc313a5f-1-result_1659959497.jpg\",\"https://pt123.cdn.static123.com/images/thumbs/900x600/fit/2022/08/08/z3627069150363-52dc4152884f4ad95d7291df363a0ebb-1-result_1659959497.jpg\",\"https://pt123.cdn.static123.com/images/thumbs/900x600/fit/2022/08/08/z3627069170878-8c3b2dd4722659b8a9f49121d18cfe39-1-result_1659959497.jpg\",\"https://pt123.cdn.static123.com/images/thumbs/900x600/fit/2022/08/08/z3627069171908-a53f21af52445834e52df1d86a08cee4-1-result_1659959497.jpg\",\"https://pt123.cdn.static123.com/images/thumbs/900x600/fit/2022/08/08/z3627069137662-99e60fc288637c45ab6e7973c079dab4-1-result_1659959496.jpg\"]','2024-06-07 08:38:53','2024-06-07 08:38:53'),('93263919-28c6-4794-8a6a-119fcb3fd498','[\"https://pt123.cdn.static123.com/images/thumbs/900x600/fit/2022/08/03/z3616101876318-f4aaaa35f92150c39a20eda805347bba_1659534373.jpg\",\"https://pt123.cdn.static123.com/images/thumbs/900x600/fit/2022/08/03/z3616101882588-eebb0cb7b8a09dbe1059720934a7766d_1659534366.jpg\",\"https://pt123.cdn.static123.com/images/thumbs/900x600/fit/2022/08/03/z3616101873988-a316d97d58e26015ab53341d8f813458_1659534369.jpg\",\"https://pt123.cdn.static123.com/images/thumbs/900x600/fit/2022/08/03/z3616101876318-f4aaaa35f92150c39a20eda805347bba_1659534373.jpg\",\"https://pt123.cdn.static123.com/images/thumbs/900x600/fit/2022/08/03/z3616101882588-eebb0cb7b8a09dbe1059720934a7766d_1659534366.jpg\"]','2024-06-07 08:34:32','2024-06-07 08:34:32'),('9613300f-4842-4c82-a021-a15243492636','[\"https://pt123.cdn.static123.com/images/thumbs/900x600/fit/2022/08/09/z2481579063887-ef645bffdb876dba706f36f7fa7807d3_1660016274.jpg\",\"https://pt123.cdn.static123.com/images/thumbs/900x600/fit/2022/08/09/957a0bd906d4f38aaac5_1660016271.jpg\",\"https://pt123.cdn.static123.com/images/thumbs/900x600/fit/2022/08/09/67694dcf40c2b59cecd3_1660016272.jpg\",\"https://pt123.cdn.static123.com/images/thumbs/900x600/fit/2022/08/09/f3bcdf16d21b27457e0a_1660016274.jpg\",\"https://pt123.cdn.static123.com/images/thumbs/900x600/fit/2022/08/09/z2481579063887-ef645bffdb876dba706f36f7fa7807d3_1660016274.jpg\",\"https://pt123.cdn.static123.com/images/thumbs/900x600/fit/2022/08/09/957a0bd906d4f38aaac5_1660016271.jpg\"]','2024-06-07 08:34:32','2024-06-07 08:34:32'),('96f0fc81-2997-48e8-91ac-233e60f2d1d3','[\"https://pt123.cdn.static123.com/images/thumbs/900x600/fit/2022/08/09/nha-kho-4x25-binh-hung-tuan-vo_1660012214.jpg\",\"https://pt123.cdn.static123.com/images/thumbs/900x600/fit/2022/08/09/297266415-1261827064619879-3464409040708031226-n_1660011826.jpg\",\"https://pt123.cdn.static123.com/images/thumbs/900x600/fit/2022/08/09/295974218-1256959398439979-4074236444705390993-n_1660011872.jpg\",\"https://pt123.cdn.static123.com/images/thumbs/900x600/fit/2022/08/09/nha-kho-4x25-binh-hung-tuan-vo_1660012214.jpg\",\"https://pt123.cdn.static123.com/images/thumbs/900x600/fit/2022/08/09/297266415-1261827064619879-3464409040708031226-n_1660011826.jpg\"]','2024-06-07 08:34:32','2024-06-07 08:34:32'),('987c402f-1876-4194-9848-b8c0523add2b','[\"https://pt123.cdn.static123.com/images/thumbs/900x600/fit/2021/01/12/dsc-0701_1610422460.jpg\",\"https://pt123.cdn.static123.com/images/thumbs/900x600/fit/2021/01/12/dsc-0668_1610422368.jpg\",\"https://pt123.cdn.static123.com/images/thumbs/900x600/fit/2021/01/12/dsc-0634_1610422451.jpg\",\"https://pt123.cdn.static123.com/images/thumbs/900x600/fit/2021/01/12/dsc-0636_1610422451.jpg\",\"https://pt123.cdn.static123.com/images/thumbs/900x600/fit/2021/01/12/dsc-0638_1610422455.jpg\",\"https://pt123.cdn.static123.com/images/thumbs/900x600/fit/2021/01/12/dsc-0696_1610422456.jpg\",\"https://pt123.cdn.static123.com/images/thumbs/900x600/fit/2021/01/12/dsc-0701_1610422460.jpg\",\"https://pt123.cdn.static123.com/images/thumbs/900x600/fit/2021/01/12/dsc-0668_1610422368.jpg\"]','2024-06-07 08:34:32','2024-06-07 08:34:32'),('9c7041d8-c4bd-421c-a25f-b964fa67391b','[\"https://pt123.cdn.static123.com/images/thumbs/900x600/fit/2022/08/09/1ee78d98cad50f8b56c413_1660047171.jpg\",\"https://pt123.cdn.static123.com/images/thumbs/900x600/fit/2022/08/09/701c0a5f4d12884cd10310_1660047174.jpg\",\"https://pt123.cdn.static123.com/images/thumbs/900x600/fit/2022/08/09/4cb416c8518594dbcd9412_1660047171.jpg\",\"https://pt123.cdn.static123.com/images/thumbs/900x600/fit/2022/08/09/90a971ea36a7f3f9aab611_1660047173.jpg\",\"https://pt123.cdn.static123.com/images/thumbs/900x600/fit/2022/08/09/c595a6d6e19b24c57d8a9_1660047175.jpg\",\"https://pt123.cdn.static123.com/images/thumbs/900x600/fit/2022/08/09/1ee78d98cad50f8b56c413_1660047171.jpg\",\"https://pt123.cdn.static123.com/images/thumbs/900x600/fit/2022/08/09/701c0a5f4d12884cd10310_1660047174.jpg\"]','2024-06-07 08:26:44','2024-06-07 08:26:44'),('9ce633b0-d5a9-47b6-a4a0-122b4bbb5545','[\"https://pt123.cdn.static123.com/images/thumbs/900x600/fit/2021/04/09/z2424914262678-e1e1c884e5db156b42184146443f535c_1617942780.jpg\",\"https://pt123.cdn.static123.com/images/thumbs/900x600/fit/2021/04/09/z2424914249891-7cb9b721f4dddc8b263f8105be4b073e_1617942774.jpg\",\"https://pt123.cdn.static123.com/images/thumbs/900x600/fit/2021/04/09/z2424914252175-8054a25b3d6d793752360dc7654e94da_1617942774.jpg\",\"https://pt123.cdn.static123.com/images/thumbs/900x600/fit/2021/04/09/z2424914256971-c568aa022fe302378274d38f7d8a8bc3_1617942777.jpg\",\"https://pt123.cdn.static123.com/images/thumbs/900x600/fit/2021/04/09/z2424914259888-b1e38f28a6d2a74f02f2dcf6c339eadf_1617942777.jpg\",\"https://pt123.cdn.static123.com/images/thumbs/900x600/fit/2021/04/09/z2424914262678-e1e1c884e5db156b42184146443f535c_1617942780.jpg\",\"https://pt123.cdn.static123.com/images/thumbs/900x600/fit/2021/04/09/z2424914249891-7cb9b721f4dddc8b263f8105be4b073e_1617942774.jpg\"]','2024-06-07 08:36:27','2024-06-07 08:36:27'),('a2e69e6d-663b-476b-80b8-183849d3349b','[\"https://pt123.cdn.static123.com/images/thumbs/900x600/fit/2022/08/09/10_1660064247.jpg\",\"https://pt123.cdn.static123.com/images/thumbs/900x600/fit/2022/08/09/01_1660064244.jpg\",\"https://pt123.cdn.static123.com/images/thumbs/900x600/fit/2022/08/09/02_1660064244.jpg\",\"https://pt123.cdn.static123.com/images/thumbs/900x600/fit/2022/08/09/03_1660064244.jpg\",\"https://pt123.cdn.static123.com/images/thumbs/900x600/fit/2022/08/09/04_1660064245.jpg\",\"https://pt123.cdn.static123.com/images/thumbs/900x600/fit/2022/08/09/05_1660064245.jpg\",\"https://pt123.cdn.static123.com/images/thumbs/900x600/fit/2022/08/09/06_1660064246.jpg\",\"https://pt123.cdn.static123.com/images/thumbs/900x600/fit/2022/08/09/07_1660064246.jpg\",\"https://pt123.cdn.static123.com/images/thumbs/900x600/fit/2022/08/09/08_1660064246.jpg\",\"https://pt123.cdn.static123.com/images/thumbs/900x600/fit/2022/08/09/09_1660064247.jpg\",\"https://pt123.cdn.static123.com/images/thumbs/900x600/fit/2022/08/09/10_1660064247.jpg\",\"https://pt123.cdn.static123.com/images/thumbs/900x600/fit/2022/08/09/01_1660064244.jpg\"]','2024-06-07 08:38:53','2024-06-07 08:38:53'),('a7868497-ef32-45d2-8edf-cdc9095d141f','[\"https://pt123.cdn.static123.com/images/thumbs/900x600/fit/2020/09/10/img-20200612-084030_1599722674.jpg\",\"https://pt123.cdn.static123.com/images/thumbs/900x600/fit/2020/09/10/img-20200522-080045_1599722703.jpg\",\"https://pt123.cdn.static123.com/images/thumbs/900x600/fit/2020/09/22/img-20200922-145004_1600763109.jpg\",\"https://pt123.cdn.static123.com/images/thumbs/900x600/fit/2020/09/10/img-20200507-085756_1599722711.jpg\",\"https://pt123.cdn.static123.com/images/thumbs/900x600/fit/2021/12/20/20211210-163927_1639967289.jpg\",\"https://pt123.cdn.static123.com/images/thumbs/900x600/fit/2020/09/10/img-20200522-080133_1599722724.jpg\",\"https://pt123.cdn.static123.com/images/thumbs/900x600/fit/2021/12/20/img-20200922-145007_1639967372.jpg\",\"https://pt123.cdn.static123.com/images/thumbs/900x600/fit/2020/09/10/img-20200522-080110_1599722735.jpg\",\"https://pt123.cdn.static123.com/images/thumbs/900x600/fit/2020/09/10/img-20200612-084030_1599722674.jpg\",\"https://pt123.cdn.static123.com/images/thumbs/900x600/fit/2020/09/10/img-20200522-080045_1599722703.jpg\"]','2024-06-07 08:40:43','2024-06-07 08:40:43'),('ab63a5c1-ecd0-446c-b5a9-3407f9221f2b','[\"https://pt123.cdn.static123.com/images/thumbs/900x600/fit/2020/02/27/pp10_1582776285.jpg\",\"https://pt123.cdn.static123.com/images/thumbs/900x600/fit/2020/02/27/pp22_1582776045.jpg\",\"https://pt123.cdn.static123.com/images/thumbs/900x600/fit/2020/02/27/pp32_1582776058.jpg\",\"https://pt123.cdn.static123.com/images/thumbs/900x600/fit/2020/02/27/pp9_1582776078.jpg\",\"https://pt123.cdn.static123.com/images/thumbs/900x600/fit/2020/02/27/pp37_1582776086.jpg\",\"https://pt123.cdn.static123.com/images/thumbs/900x600/fit/2020/02/27/tm1_1582776272.jpg\",\"https://pt123.cdn.static123.com/images/thumbs/900x600/fit/2020/02/27/pp10_1582776285.jpg\",\"https://pt123.cdn.static123.com/images/thumbs/900x600/fit/2020/02/27/pp22_1582776045.jpg\"]','2024-06-07 08:26:44','2024-06-07 08:26:44'),('ade5f77a-1d7b-4d2a-9227-935df201495b','[\"https://pt123.cdn.static123.com/images/thumbs/900x600/fit/2022/08/08/z3621379247198-6d476af60c64dfe09142a389b6327d41_1659974596.jpg\",\"https://pt123.cdn.static123.com/images/thumbs/900x600/fit/2022/08/08/z3621379227144-49b7ae622282656b4f9bf1ff12859418_1659974587.jpg\",\"https://pt123.cdn.static123.com/images/thumbs/900x600/fit/2022/08/08/z3621892005757-0fbd9ec44c50aad62f04928674a6303c_1659974587.jpg\",\"https://pt123.cdn.static123.com/images/thumbs/900x600/fit/2022/08/08/z3621379225873-58af286aeaf9a6d5029bb951bc2b1c87_1659974593.jpg\",\"https://pt123.cdn.static123.com/images/thumbs/900x600/fit/2022/08/08/z3621379247198-6d476af60c64dfe09142a389b6327d41_1659974596.jpg\"]','2024-06-07 08:34:32','2024-06-07 08:34:32'),('ae9ae55b-b5b8-426c-a2f7-6f04732e205d','[\"https://pt123.cdn.static123.com/images/thumbs/900x600/fit/2022/08/10/23c9422905c7f999a0d659_1660100658.jpg\",\"https://pt123.cdn.static123.com/images/thumbs/900x600/fit/2022/08/10/d16e16a95147ad19f45656_1660100664.jpg\",\"https://pt123.cdn.static123.com/images/thumbs/900x600/fit/2022/08/10/8e3cfdecba02465c1f1355_1660100658.jpg\",\"https://pt123.cdn.static123.com/images/thumbs/900x600/fit/2022/08/10/68bc8867cf8933d76a9857_1660100660.jpg\",\"https://pt123.cdn.static123.com/images/thumbs/900x600/fit/2022/08/10/b814b5c8f2260e78573758_1660100662.jpg\",\"https://pt123.cdn.static123.com/images/thumbs/900x600/fit/2022/04/25/b813c8f58f1b73452a0a60_1650874569.jpg\",\"https://pt123.cdn.static123.com/images/thumbs/900x600/fit/2022/04/25/b54529b46e5a9204cb4b61_1650874571.jpg\",\"https://pt123.cdn.static123.com/images/thumbs/900x600/fit/2022/08/10/z3632027092979-8daa593c24da8a845acbbb1bb58060ca_1660100628.jpg\",\"https://pt123.cdn.static123.com/images/thumbs/900x600/fit/2022/08/10/z3632027093110-d8e20724215b376ef771964808900f4e_1660100628.jpg\",\"https://pt123.cdn.static123.com/images/thumbs/900x600/fit/2022/08/10/23c9422905c7f999a0d659_1660100658.jpg\"]','2024-06-07 08:26:44','2024-06-07 08:26:44'),('af423b86-2017-4a08-8056-2a7e2975b63e','[]','2024-06-07 08:38:53','2024-06-07 08:38:53'),('b29f3920-9b1f-4e88-a60f-b9943153ca9b','[\"https://pt123.cdn.static123.com/images/thumbs/900x600/fit/2022/08/06/z3622796646170-07a6472a310c9c45a0685abdd70c352f_1659763662.jpg\",\"https://pt123.cdn.static123.com/images/thumbs/900x600/fit/2022/08/06/z3622796640278-de3642c31f727723bd2d7adfe62ce512_1659763661.jpg\",\"https://pt123.cdn.static123.com/images/thumbs/900x600/fit/2022/08/06/z3622796632633-0d12ed1557abb63c73144e2d6c462f86_1659763660.jpg\",\"https://pt123.cdn.static123.com/images/thumbs/900x600/fit/2022/08/06/z3622796636181-824e17c8b9677f4f27c1c33398dad256_1659763660.jpg\",\"https://pt123.cdn.static123.com/images/thumbs/900x600/fit/2022/08/06/z3622796638672-b35bc1a2c24d4da531a9046ffcc9bc8c_1659763660.jpg\",\"https://pt123.cdn.static123.com/images/thumbs/900x600/fit/2022/08/06/z3622796641693-e64764e2c4fea04d97312501aadc7de2_1659763661.jpg\",\"https://pt123.cdn.static123.com/images/thumbs/900x600/fit/2022/08/06/z3622796643217-7fef7f460230adf19fd5a0042a7b01b7_1659763661.jpg\",\"https://pt123.cdn.static123.com/images/thumbs/900x600/fit/2022/08/06/z3622796649367-751bde07dbdb703eab9bdba5ed39a9af_1659763662.jpg\",\"https://pt123.cdn.static123.com/images/thumbs/900x600/fit/2022/08/06/z3622796650872-93f93a2c159c69d07394a1fd0731a7ed_1659763662.jpg\",\"https://pt123.cdn.static123.com/images/thumbs/900x600/fit/2022/08/06/z3622796647533-724463d4660d7ed1c14407d7247fb339_1659763662.jpg\",\"https://pt123.cdn.static123.com/images/thumbs/900x600/fit/2022/08/06/z3622796634356-9833d5012c4ce8e758bd021ce217808d_1659763660.jpg\",\"https://pt123.cdn.static123.com/images/thumbs/900x600/fit/2022/08/06/z3622796646170-07a6472a310c9c45a0685abdd70c352f_1659763662.jpg\",\"https://pt123.cdn.static123.com/images/thumbs/900x600/fit/2022/08/06/z3622796640278-de3642c31f727723bd2d7adfe62ce512_1659763661.jpg\"]','2024-06-07 08:34:32','2024-06-07 08:34:32'),('ba5f0568-d056-445a-a98d-6b15ec81568a','[\"https://pt123.cdn.static123.com/images/thumbs/900x600/fit/2022/08/10/f93e1ece578892d6cb99_1660067038.jpg\",\"https://pt123.cdn.static123.com/images/thumbs/900x600/fit/2022/08/10/2abd7f4d360bf355aa1a_1660067037.jpg\",\"https://pt123.cdn.static123.com/images/thumbs/900x600/fit/2022/08/10/140ca1f2e8b42dea74a5_1660067037.jpg\",\"https://pt123.cdn.static123.com/images/thumbs/900x600/fit/2022/08/10/356f4c9105d7c08999c6_1660067038.jpg\",\"https://pt123.cdn.static123.com/images/thumbs/900x600/fit/2022/08/10/b63fe8cfa18964d73d98_1660067038.jpg\",\"https://pt123.cdn.static123.com/images/thumbs/900x600/fit/2022/08/10/d9060ef747b182efdba0_1660067038.jpg\",\"https://pt123.cdn.static123.com/images/thumbs/900x600/fit/2022/08/10/f93e1ece578892d6cb99_1660067038.jpg\",\"https://pt123.cdn.static123.com/images/thumbs/900x600/fit/2022/08/10/2abd7f4d360bf355aa1a_1660067037.jpg\"]','2024-06-07 08:36:27','2024-06-07 08:36:27'),('ba6a7dc7-b6e4-426b-aa0e-50088a85f518','[\"https://pt123.cdn.static123.com/images/thumbs/900x600/fit/2022/08/07/img-0800_1659856204.jpg\",\"https://pt123.cdn.static123.com/images/thumbs/900x600/fit/2022/08/07/1_1659856004.jpg\",\"https://pt123.cdn.static123.com/images/thumbs/900x600/fit/2022/08/07/2_1659856004.jpg\",\"https://pt123.cdn.static123.com/images/thumbs/900x600/fit/2022/08/07/3_1659856007.jpg\",\"https://pt123.cdn.static123.com/images/thumbs/900x600/fit/2022/08/07/4_1659856009.jpg\",\"https://pt123.cdn.static123.com/images/thumbs/900x600/fit/2022/08/07/5_1659856011.jpg\",\"https://pt123.cdn.static123.com/images/thumbs/900x600/fit/2022/08/07/6_1659856014.jpg\",\"https://pt123.cdn.static123.com/images/thumbs/900x600/fit/2022/08/07/img-0780_1659856016.jpg\",\"https://pt123.cdn.static123.com/images/thumbs/900x600/fit/2022/08/07/img-0811_1659856020.jpg\",\"https://pt123.cdn.static123.com/images/thumbs/900x600/fit/2022/08/07/l_1659856019.jpg\",\"https://pt123.cdn.static123.com/images/thumbs/900x600/fit/2022/08/07/img-0794_1659856201.jpg\",\"https://pt123.cdn.static123.com/images/thumbs/900x600/fit/2022/08/07/img-0800_1659856204.jpg\",\"https://pt123.cdn.static123.com/images/thumbs/900x600/fit/2022/08/07/1_1659856004.jpg\"]','2024-06-07 08:34:32','2024-06-07 08:34:32'),('bb9de258-4a71-45fd-9d9c-faa3f390536b','[\"https://pt123.cdn.static123.com/images/thumbs/900x600/fit/2020/02/27/pp10_1582776285.jpg\",\"https://pt123.cdn.static123.com/images/thumbs/900x600/fit/2020/02/27/pp22_1582776045.jpg\",\"https://pt123.cdn.static123.com/images/thumbs/900x600/fit/2020/02/27/pp32_1582776058.jpg\",\"https://pt123.cdn.static123.com/images/thumbs/900x600/fit/2020/02/27/pp9_1582776078.jpg\",\"https://pt123.cdn.static123.com/images/thumbs/900x600/fit/2020/02/27/pp37_1582776086.jpg\",\"https://pt123.cdn.static123.com/images/thumbs/900x600/fit/2020/02/27/tm1_1582776272.jpg\",\"https://pt123.cdn.static123.com/images/thumbs/900x600/fit/2020/02/27/pp10_1582776285.jpg\",\"https://pt123.cdn.static123.com/images/thumbs/900x600/fit/2020/02/27/pp22_1582776045.jpg\"]','2024-06-07 08:36:27','2024-06-07 08:36:27'),('c13ea94c-7770-4a40-8a30-911cb801d346','[\"https://pt123.cdn.static123.com/images/thumbs/900x600/fit/2022/06/16/top-10-van-phong-dep-nhat-viet-nam_1655343998.jpg\",\"https://pt123.cdn.static123.com/images/thumbs/900x600/fit/2022/06/16/50268082-378400752736547-3757042536464515072-n_1655343971.jpg\",\"https://pt123.cdn.static123.com/images/thumbs/900x600/fit/2022/06/16/50418419-924720557733929-3708392149117566976-n_1655343971.jpg\",\"https://pt123.cdn.static123.com/images/thumbs/900x600/fit/2022/06/16/img-7648-7323_1655343972.jpg\",\"https://pt123.cdn.static123.com/images/thumbs/900x600/fit/2022/06/16/top-10-van-phong-dep-nhat-viet-nam_1655343998.jpg\",\"https://pt123.cdn.static123.com/images/thumbs/900x600/fit/2022/06/16/50268082-378400752736547-3757042536464515072-n_1655343971.jpg\"]','2024-06-07 08:38:53','2024-06-07 08:38:53'),('cd1a515f-d041-48f3-bbf9-92962ba20ec8','[\"https://pt123.cdn.static123.com/images/thumbs/900x600/fit/2022/08/06/54fb5059-64a6-4e24-bdaf-ac27781554a2_1659723886.jpg\",\"https://pt123.cdn.static123.com/images/thumbs/900x600/fit/2022/08/06/d97f01f1-c106-496e-96ec-478e80ef121f_1659723875.jpg\",\"https://pt123.cdn.static123.com/images/thumbs/900x600/fit/2022/08/06/b7c86f3c-8c65-48c9-a080-917de36fba56_1659723877.jpg\",\"https://pt123.cdn.static123.com/images/thumbs/900x600/fit/2022/08/06/c62cff74-2f0d-46d0-bb62-672c8a005303_1659723875.jpg\",\"https://pt123.cdn.static123.com/images/thumbs/900x600/fit/2022/08/06/625a39f5-ac30-4ee3-8667-5eb3ad91f34f_1659723877.jpg\",\"https://pt123.cdn.static123.com/images/thumbs/900x600/fit/2022/08/06/dbc10c4a-04b1-4938-b19a-f3db001eddcd_1659723879.jpg\",\"https://pt123.cdn.static123.com/images/thumbs/900x600/fit/2022/08/06/d6468178-ef22-428e-8377-6cdeaef621e5_1659723881.jpg\",\"https://pt123.cdn.static123.com/images/thumbs/900x600/fit/2022/08/06/28ce3bd4-b708-4711-bfd7-9153149a854e_1659723881.jpg\",\"https://pt123.cdn.static123.com/images/thumbs/900x600/fit/2022/08/06/3575cd52-9162-4af0-a4dc-733a43396750_1659723884.jpg\",\"https://pt123.cdn.static123.com/images/thumbs/900x600/fit/2022/08/06/bb30e9dc-8748-43a5-8f79-370577da3611_1659723884.jpg\",\"https://pt123.cdn.static123.com/images/thumbs/900x600/fit/2022/08/06/fbe1d04e-af8e-4a51-91eb-ab18b32b09bf_1659723885.jpg\",\"https://pt123.cdn.static123.com/images/thumbs/900x600/fit/2022/08/06/54fb5059-64a6-4e24-bdaf-ac27781554a2_1659723886.jpg\",\"https://pt123.cdn.static123.com/images/thumbs/900x600/fit/2022/08/06/d97f01f1-c106-496e-96ec-478e80ef121f_1659723875.jpg\"]','2024-06-07 08:26:44','2024-06-07 08:26:44'),('cf5d50a2-1aca-46e0-8712-59c4408df45d','[\"https://pt123.cdn.static123.com/images/thumbs/900x600/fit/2022/07/14/8_1657763752.jpg\",\"https://pt123.cdn.static123.com/images/thumbs/900x600/fit/2020/02/26/tp_1582694811.jpg\",\"https://pt123.cdn.static123.com/images/thumbs/900x600/fit/2022/07/14/1_1657763751.jpg\",\"https://pt123.cdn.static123.com/images/thumbs/900x600/fit/2022/07/14/2_1657763751.jpg\",\"https://pt123.cdn.static123.com/images/thumbs/900x600/fit/2022/07/14/3_1657763751.jpg\",\"https://pt123.cdn.static123.com/images/thumbs/900x600/fit/2022/07/14/4_1657763751.jpg\",\"https://pt123.cdn.static123.com/images/thumbs/900x600/fit/2022/07/14/5_1657763752.jpg\",\"https://pt123.cdn.static123.com/images/thumbs/900x600/fit/2022/07/14/6_1657763752.jpg\",\"https://pt123.cdn.static123.com/images/thumbs/900x600/fit/2022/07/14/7_1657763752.jpg\",\"https://pt123.cdn.static123.com/images/thumbs/900x600/fit/2022/07/14/8_1657763752.jpg\",\"https://pt123.cdn.static123.com/images/thumbs/900x600/fit/2020/02/26/tp_1582694811.jpg\"]','2024-06-07 08:40:43','2024-06-07 08:40:43'),('d0bdb046-d0bf-46ef-b295-688f67c54b13','[]','2024-06-07 08:34:32','2024-06-07 08:34:32'),('d18bb745-0953-4ba4-9281-98725d99fd72','[]','2024-06-07 08:34:32','2024-06-07 08:34:32'),('d1e30801-9888-4389-85cd-f6263980936e','[\"https://pt123.cdn.static123.com/images/thumbs/900x600/fit/2020/08/27/22db9949-3f77-494e-9edf-9b9e79bab876_1598541597.jpg\",\"https://pt123.cdn.static123.com/images/thumbs/900x600/fit/2020/04/24/img-1452_1587701310.jpg\",\"https://pt123.cdn.static123.com/images/thumbs/900x600/fit/2020/04/24/img-0292_1587701336.jpg\",\"https://pt123.cdn.static123.com/images/thumbs/900x600/fit/2020/08/27/1d491b3b-c632-4b79-83ae-62313527643e_1598541590.jpg\",\"https://pt123.cdn.static123.com/images/thumbs/900x600/fit/2020/04/24/img-0256_1587701572.jpg\",\"https://pt123.cdn.static123.com/images/thumbs/900x600/fit/2020/04/24/img-0227_1587701500.jpg\",\"https://pt123.cdn.static123.com/images/thumbs/900x600/fit/2020/08/24/img-1482_1598241604.jpg\",\"https://pt123.cdn.static123.com/images/thumbs/900x600/fit/2020/08/24/img-1479_1598241620.jpg\",\"https://pt123.cdn.static123.com/images/thumbs/900x600/fit/2020/08/27/226eedbc-4c4e-4c81-967f-78e5d19d0c43_1598540842.jpg\",\"https://pt123.cdn.static123.com/images/thumbs/900x600/fit/2020/04/24/img-1487_1587701537.jpg\",\"https://pt123.cdn.static123.com/images/thumbs/900x600/fit/2020/08/27/74caf10d-ce0b-4268-a8af-d2c39039ff84_1598541596.jpg\",\"https://pt123.cdn.static123.com/images/thumbs/900x600/fit/2020/08/27/662f704c-e466-4c42-9352-5ee88f355f23_1598541590.jpg\",\"https://pt123.cdn.static123.com/images/thumbs/900x600/fit/2020/08/24/img-1468_1598241643.jpg\",\"https://pt123.cdn.static123.com/images/thumbs/900x600/fit/2020/08/27/22db9949-3f77-494e-9edf-9b9e79bab876_1598541597.jpg\",\"https://pt123.cdn.static123.com/images/thumbs/900x600/fit/2020/04/24/img-1452_1587701310.jpg\"]','2024-06-07 08:40:43','2024-06-07 08:40:43'),('d35660ad-1b58-4597-badf-1815e2f61630','[\"https://pt123.cdn.static123.com/images/thumbs/900x600/fit/2022/08/06/img-1659528711095-1659530169709_1659778239.jpg\",\"https://pt123.cdn.static123.com/images/thumbs/900x600/fit/2022/08/06/img-1659528711632-1659530170099_1659778237.jpg\",\"https://pt123.cdn.static123.com/images/thumbs/900x600/fit/2022/08/06/img-1659528711556-1659530170048_1659778237.jpg\",\"https://pt123.cdn.static123.com/images/thumbs/900x600/fit/2022/08/06/img-1659528711714-1659530170161_1659778237.jpg\",\"https://pt123.cdn.static123.com/images/thumbs/900x600/fit/2022/08/06/img-1659528711494-1659530169997_1659778237.jpg\",\"https://pt123.cdn.static123.com/images/thumbs/900x600/fit/2022/08/06/img-1659528711415-1659530169944_1659778238.jpg\",\"https://pt123.cdn.static123.com/images/thumbs/900x600/fit/2022/08/06/img-1659528711040-1659530169561_1659778238.jpg\",\"https://pt123.cdn.static123.com/images/thumbs/900x600/fit/2022/08/06/img-1659528711254-1659530169837_1659778238.jpg\",\"https://pt123.cdn.static123.com/images/thumbs/900x600/fit/2022/08/06/img-1659528711344-1659530169895_1659778238.jpg\",\"https://pt123.cdn.static123.com/images/thumbs/900x600/fit/2022/08/06/img-1659528711192-1659530169774_1659778239.jpg\",\"https://pt123.cdn.static123.com/images/thumbs/900x600/fit/2022/08/06/img-1659528711095-1659530169709_1659778239.jpg\",\"https://pt123.cdn.static123.com/images/thumbs/900x600/fit/2022/08/06/img-1659528711632-1659530170099_1659778237.jpg\"]','2024-06-07 08:36:27','2024-06-07 08:36:27'),('d388e0d7-7cef-4997-b886-96200f7340ff','[\"https://pt123.cdn.static123.com/images/thumbs/900x600/fit/2022/08/09/z3163158670908-88dc233c70dfc3716afc7b376cd2520e_1660008859.jpg\",\"https://pt123.cdn.static123.com/images/thumbs/900x600/fit/2022/07/28/3_1658996883.jpg\",\"https://pt123.cdn.static123.com/images/thumbs/900x600/fit/2022/07/28/photo-2022-02-07-10-05-40_1658996883.jpg\",\"https://pt123.cdn.static123.com/images/thumbs/900x600/fit/2022/08/09/photo-2022-02-07-10-05-27_1660008856.jpg\",\"https://pt123.cdn.static123.com/images/thumbs/900x600/fit/2022/08/09/photo-2022-02-07-10-05-17_1660008856.jpg\",\"https://pt123.cdn.static123.com/images/thumbs/900x600/fit/2022/08/09/photo-2022-02-07-10-06-11_1660008856.jpg\",\"https://pt123.cdn.static123.com/images/thumbs/900x600/fit/2022/08/09/z3163158606844-6a760c8cfc09008e32ed1f3b04d4b22a_1660008858.jpg\",\"https://pt123.cdn.static123.com/images/thumbs/900x600/fit/2022/07/28/z3163157741115-bcd1356ee937cf32eb7c35474c8f362e_1658996884.jpg\",\"https://pt123.cdn.static123.com/images/thumbs/900x600/fit/2022/07/28/z3163158048847-911ea8f5f9734afe0c97c1259de9e9d7_1658996885.jpg\",\"https://pt123.cdn.static123.com/images/thumbs/900x600/fit/2022/07/28/z3163158629228-d64e382c73844bd6e15f6c5771d6a2e7_1658996887.jpg\",\"https://pt123.cdn.static123.com/images/thumbs/900x600/fit/2022/08/09/z3163158370804-34304cb23da93fdb7c63e7f404345dc9_1660008857.jpg\",\"https://pt123.cdn.static123.com/images/thumbs/900x600/fit/2022/08/09/z3163158670908-88dc233c70dfc3716afc7b376cd2520e_1660008859.jpg\",\"https://pt123.cdn.static123.com/images/thumbs/900x600/fit/2022/07/28/3_1658996883.jpg\"]','2024-06-07 08:40:43','2024-06-07 08:40:43'),('d499a686-0262-419c-ba37-d31798fb4a48','[\"https://pt123.cdn.static123.com/images/thumbs/900x600/fit/2022/07/19/6310726d-d075-4e35-b1cb-cf5616bf5212_1658240491.jpg\",\"https://pt123.cdn.static123.com/images/thumbs/900x600/fit/2022/07/19/9c60836e-26b2-4737-a6c8-60cb5187fa4c_1658240485.jpg\",\"https://pt123.cdn.static123.com/images/thumbs/900x600/fit/2022/07/19/716c753e-8e03-4cc8-9d09-e52ec19ce01b_1658240485.jpg\",\"https://pt123.cdn.static123.com/images/thumbs/900x600/fit/2022/07/19/400e7ebd-5d88-48af-8599-0d074a1ee014_1658240494.jpg\",\"https://pt123.cdn.static123.com/images/thumbs/900x600/fit/2022/07/19/1379ebdf-eda5-4ef8-bb22-7da1d19551f2_1658240490.jpg\",\"https://pt123.cdn.static123.com/images/thumbs/900x600/fit/2022/07/19/6310726d-d075-4e35-b1cb-cf5616bf5212_1658240491.jpg\",\"https://pt123.cdn.static123.com/images/thumbs/900x600/fit/2022/07/19/9c60836e-26b2-4737-a6c8-60cb5187fa4c_1658240485.jpg\"]','2024-06-07 08:26:44','2024-06-07 08:26:44'),('db580d04-c83c-47d5-8bbe-141a2c205f21','[\"https://pt123.cdn.static123.com/images/thumbs/900x600/fit/2022/08/09/685ac17754cd9693cfdc_1660014160.jpg\",\"https://pt123.cdn.static123.com/images/thumbs/900x600/fit/2022/08/09/36974a1cf7a635f86cb7_1660014157.jpg\",\"https://pt123.cdn.static123.com/images/thumbs/900x600/fit/2022/08/09/7e3baf613adbf885a1ca_1660014157.jpg\",\"https://pt123.cdn.static123.com/images/thumbs/900x600/fit/2022/08/09/f67b3ace8774452a1c65_1660014157.jpg\",\"https://pt123.cdn.static123.com/images/thumbs/900x600/fit/2022/08/09/ba6506d0bb6a7934207b_1660014157.jpg\",\"https://pt123.cdn.static123.com/images/thumbs/900x600/fit/2022/08/09/daddda6867d2a58cfcc3_1660014158.jpg\",\"https://pt123.cdn.static123.com/images/thumbs/900x600/fit/2022/08/09/845f17d5aa6f6831317e_1660014159.jpg\",\"https://pt123.cdn.static123.com/images/thumbs/900x600/fit/2022/08/09/7d471acda77765293c66_1660014159.jpg\",\"https://pt123.cdn.static123.com/images/thumbs/900x600/fit/2022/08/09/7d750d2d98975ac90386_1660014159.jpg\",\"https://pt123.cdn.static123.com/images/thumbs/900x600/fit/2022/08/09/79edba6607dcc5829ccd_1660014160.jpg\",\"https://pt123.cdn.static123.com/images/thumbs/900x600/fit/2022/08/09/685ac17754cd9693cfdc_1660014160.jpg\",\"https://pt123.cdn.static123.com/images/thumbs/900x600/fit/2022/08/09/36974a1cf7a635f86cb7_1660014157.jpg\"]','2024-06-07 08:38:53','2024-06-07 08:38:53'),('dcd26edb-646f-413d-beb4-104d075d8f13','[\"https://pt123.cdn.static123.com/images/thumbs/900x600/fit/2022/08/08/photo-2022-08-08-185454-result_1659959756.jpg\",\"https://pt123.cdn.static123.com/images/thumbs/900x600/fit/2022/08/08/20210106153410-8805-wm-1-result_1659959755.jpg\",\"https://pt123.cdn.static123.com/images/thumbs/900x600/fit/2022/08/08/20210106153411-4b75-wm-result_1659959755.jpg\",\"https://pt123.cdn.static123.com/images/thumbs/900x600/fit/2022/08/08/20210106153424-6c25-wm-result_1659959755.jpg\",\"https://pt123.cdn.static123.com/images/thumbs/900x600/fit/2022/08/08/20210106153424-0984-wm-result_1659959755.jpg\",\"https://pt123.cdn.static123.com/images/thumbs/900x600/fit/2022/08/08/20210106153424-eea5-wm-result_1659959756.jpg\",\"https://pt123.cdn.static123.com/images/thumbs/900x600/fit/2022/08/08/20210106153425-84fb-wm-result_1659959756.jpg\",\"https://pt123.cdn.static123.com/images/thumbs/900x600/fit/2022/08/08/20210106153518-e5d4-wm-result_1659959756.jpg\",\"https://pt123.cdn.static123.com/images/thumbs/900x600/fit/2022/08/08/photo-2022-08-08-185454-result_1659959756.jpg\",\"https://pt123.cdn.static123.com/images/thumbs/900x600/fit/2022/08/08/20210106153410-8805-wm-1-result_1659959755.jpg\"]','2024-06-07 08:38:53','2024-06-07 08:38:53'),('dd64ebea-86ae-4106-be1b-13202da68e29','[\"https://pt123.cdn.static123.com/images/thumbs/900x600/fit/2022/08/10/296348417-738372713887128-6048708028025215440-n_1660122047.jpg\",\"https://pt123.cdn.static123.com/images/thumbs/900x600/fit/2022/08/10/7a1ee97ab8d47a8a23c5_1660122044.jpg\",\"https://pt123.cdn.static123.com/images/thumbs/900x600/fit/2022/08/10/294866629-790603075478683-380523175494387534-n_1660122044.jpg\",\"https://pt123.cdn.static123.com/images/thumbs/900x600/fit/2022/08/10/295963912-770557270752046-5464226347728935073-n_1660122045.jpg\",\"https://pt123.cdn.static123.com/images/thumbs/900x600/fit/2022/08/10/296193651-5221475574614569-2647882546404923386-n_1660122046.jpg\",\"https://pt123.cdn.static123.com/images/thumbs/900x600/fit/2022/08/10/296278866-619034856135108-1740782864365488821-n_1660122046.jpg\",\"https://pt123.cdn.static123.com/images/thumbs/900x600/fit/2022/08/10/296348417-738372713887128-6048708028025215440-n_1660122047.jpg\",\"https://pt123.cdn.static123.com/images/thumbs/900x600/fit/2022/08/10/7a1ee97ab8d47a8a23c5_1660122044.jpg\"]','2024-06-07 08:36:27','2024-06-07 08:36:27'),('de7ea0d1-d211-45b2-b4d8-8b1e4f16ec70','[\"https://pt123.cdn.static123.com/images/thumbs/900x600/fit/2022/08/09/screenshot-20220728-102235_1660038972.png\",\"https://pt123.cdn.static123.com/images/thumbs/900x600/fit/2022/08/09/screenshot-20220809-161840_1660038966.png\",\"https://pt123.cdn.static123.com/images/thumbs/900x600/fit/2022/08/09/screenshot-20220809-155623_1660038966.png\",\"https://pt123.cdn.static123.com/images/thumbs/900x600/fit/2022/08/09/screenshot-20220729-155613_1660038969.png\",\"https://pt123.cdn.static123.com/images/thumbs/900x600/fit/2022/08/09/screenshot-20220728-102240_1660038969.png\",\"https://pt123.cdn.static123.com/images/thumbs/900x600/fit/2022/08/09/screenshot-20220728-102235_1660038972.png\",\"https://pt123.cdn.static123.com/images/thumbs/900x600/fit/2022/08/09/screenshot-20220809-161840_1660038966.png\"]','2024-06-07 08:38:53','2024-06-07 08:38:53'),('de9d6f4c-6e37-4f71-8ed6-01461552ebc0','[\"https://pt123.cdn.static123.com/images/thumbs/900x600/fit/2022/08/08/z3627099707668-9b1c146c0f4b0d41a0f66ba56c3d8b84_1659933745.jpg\",\"https://pt123.cdn.static123.com/images/thumbs/900x600/fit/2022/08/08/z3627099684005-d2b46f59a68baf70971dc8a4dbbd6d45_1659933743.jpg\",\"https://pt123.cdn.static123.com/images/thumbs/900x600/fit/2022/08/08/z3627099707627-36dadb1ab3cc5bc39b4931ea80123fb4_1659933743.jpg\",\"https://pt123.cdn.static123.com/images/thumbs/900x600/fit/2022/08/08/z3627099707668-9b1c146c0f4b0d41a0f66ba56c3d8b84_1659933745.jpg\",\"https://pt123.cdn.static123.com/images/thumbs/900x600/fit/2022/08/08/z3627099684005-d2b46f59a68baf70971dc8a4dbbd6d45_1659933743.jpg\"]','2024-06-07 08:34:32','2024-06-07 08:34:32'),('df779878-855a-4dd6-bf7c-84602cfe5878','[\"https://pt123.cdn.static123.com/images/thumbs/900x600/fit/2022/06/16/z3495868920810-b11bac17678e238677d10499e8cddfce_1655343647.jpg\",\"https://pt123.cdn.static123.com/images/thumbs/900x600/fit/2022/06/16/z3495868909867-1c64f8eae0881e4a14bba14ad245d46a_1655343646.jpg\",\"https://pt123.cdn.static123.com/images/thumbs/900x600/fit/2022/06/16/z3495868911137-69ff28e11f9be30361e7e35e63315ea8_1655343646.jpg\",\"https://pt123.cdn.static123.com/images/thumbs/900x600/fit/2022/06/16/z3495868924913-9d9220d67fe43d958874586253f7262f_1655343647.jpg\",\"https://pt123.cdn.static123.com/images/thumbs/900x600/fit/2022/06/16/z3495868920810-b11bac17678e238677d10499e8cddfce_1655343647.jpg\",\"https://pt123.cdn.static123.com/images/thumbs/900x600/fit/2022/06/16/z3495868909867-1c64f8eae0881e4a14bba14ad245d46a_1655343646.jpg\"]','2024-06-07 08:38:53','2024-06-07 08:38:53'),('dfd96d63-8976-47c3-9324-74a5dd0db2c2','[\"https://pt123.cdn.static123.com/images/thumbs/900x600/fit/2022/07/25/z3592543415619-0605b3a9b59968ad554809976e2588b4_1658740699.jpg\",\"https://pt123.cdn.static123.com/images/thumbs/900x600/fit/2022/07/25/z3592543415516-c214b26c41bdbe953b42d5e4fe9ae942_1658740699.jpg\",\"https://pt123.cdn.static123.com/images/thumbs/900x600/fit/2022/07/25/z3592543415619-0605b3a9b59968ad554809976e2588b4_1658740699.jpg\",\"https://pt123.cdn.static123.com/images/thumbs/900x600/fit/2022/07/25/z3592543415516-c214b26c41bdbe953b42d5e4fe9ae942_1658740699.jpg\"]','2024-06-07 08:26:44','2024-06-07 08:26:44'),('e0034e69-83fc-4aa5-bc5d-528a2fab366e','[\"https://pt123.cdn.static123.com/images/thumbs/900x600/fit/2022/07/25/z3592543415619-0605b3a9b59968ad554809976e2588b4_1658740699.jpg\",\"https://pt123.cdn.static123.com/images/thumbs/900x600/fit/2022/07/25/z3592543415516-c214b26c41bdbe953b42d5e4fe9ae942_1658740699.jpg\",\"https://pt123.cdn.static123.com/images/thumbs/900x600/fit/2022/07/25/z3592543415619-0605b3a9b59968ad554809976e2588b4_1658740699.jpg\",\"https://pt123.cdn.static123.com/images/thumbs/900x600/fit/2022/07/25/z3592543415516-c214b26c41bdbe953b42d5e4fe9ae942_1658740699.jpg\"]','2024-06-07 08:36:27','2024-06-07 08:36:27'),('e07057ff-64bc-4589-87e8-78677704ab3c','[\"https://pt123.cdn.static123.com/images/thumbs/900x600/fit/2022/08/10/296348417-738372713887128-6048708028025215440-n_1660122047.jpg\",\"https://pt123.cdn.static123.com/images/thumbs/900x600/fit/2022/08/10/7a1ee97ab8d47a8a23c5_1660122044.jpg\",\"https://pt123.cdn.static123.com/images/thumbs/900x600/fit/2022/08/10/294866629-790603075478683-380523175494387534-n_1660122044.jpg\",\"https://pt123.cdn.static123.com/images/thumbs/900x600/fit/2022/08/10/295963912-770557270752046-5464226347728935073-n_1660122045.jpg\",\"https://pt123.cdn.static123.com/images/thumbs/900x600/fit/2022/08/10/296193651-5221475574614569-2647882546404923386-n_1660122046.jpg\",\"https://pt123.cdn.static123.com/images/thumbs/900x600/fit/2022/08/10/296278866-619034856135108-1740782864365488821-n_1660122046.jpg\",\"https://pt123.cdn.static123.com/images/thumbs/900x600/fit/2022/08/10/296348417-738372713887128-6048708028025215440-n_1660122047.jpg\",\"https://pt123.cdn.static123.com/images/thumbs/900x600/fit/2022/08/10/7a1ee97ab8d47a8a23c5_1660122044.jpg\"]','2024-06-07 08:26:44','2024-06-07 08:26:44'),('e08dd0d1-b468-4ceb-85ec-55d7fde1bfac','[\"https://pt123.cdn.static123.com/images/thumbs/900x600/fit/2022/04/11/242df13a-c719-44b7-a46e-33a0080da507_1649660885.jpg\",\"https://pt123.cdn.static123.com/images/thumbs/900x600/fit/2022/04/11/745415c1-4959-42b8-9351-1a366d4b4fa5_1649660883.jpg\",\"https://pt123.cdn.static123.com/images/thumbs/900x600/fit/2022/04/11/ffabbd8a-4a58-4658-947d-26e9f413c2e6_1649660883.jpg\",\"https://pt123.cdn.static123.com/images/thumbs/900x600/fit/2022/04/11/74a6a3fb-d488-45c9-91e7-db8f257a494e_1649660884.jpg\",\"https://pt123.cdn.static123.com/images/thumbs/900x600/fit/2022/04/11/fd76f1aa-2d9d-466c-a611-3b9b7dd0e733_1649660884.jpg\",\"https://pt123.cdn.static123.com/images/thumbs/900x600/fit/2022/04/11/d971e809-8115-41e4-9f19-0fa0f513f468_1649660885.jpg\",\"https://pt123.cdn.static123.com/images/thumbs/900x600/fit/2022/04/11/46e27298-6b90-41ff-80ef-068f9019ddd1_1649660885.jpg\",\"https://pt123.cdn.static123.com/images/thumbs/900x600/fit/2022/04/11/ddacb528-18ec-4f83-a7c6-11b4d8d426ac_1649660885.jpg\",\"https://pt123.cdn.static123.com/images/thumbs/900x600/fit/2022/04/11/242df13a-c719-44b7-a46e-33a0080da507_1649660885.jpg\",\"https://pt123.cdn.static123.com/images/thumbs/900x600/fit/2022/04/11/745415c1-4959-42b8-9351-1a366d4b4fa5_1649660883.jpg\"]','2024-06-07 08:40:43','2024-06-07 08:40:43'),('e128720d-08df-4890-ad76-01c33208fea7','[\"https://pt123.cdn.static123.com/images/thumbs/900x600/fit/2022/08/07/a829d270-891e-4f03-bf14-97787ff3badf_1659884439.jpg\",\"https://pt123.cdn.static123.com/images/thumbs/900x600/fit/2022/08/07/31253ee6-b23c-462a-a43b-b0db7f14f413_1659884438.jpg\",\"https://pt123.cdn.static123.com/images/thumbs/900x600/fit/2022/08/07/4787b77c-ba34-4093-aead-2b4377d056e7_1659884438.jpg\",\"https://pt123.cdn.static123.com/images/thumbs/900x600/fit/2022/08/07/cf952df8-dbea-4f43-a1e1-790df5fa98a3_1659884439.jpg\",\"https://pt123.cdn.static123.com/images/thumbs/900x600/fit/2022/08/07/a93acb47-2ae5-415f-8bfe-4c08166e7ab9_1659884439.jpg\",\"https://pt123.cdn.static123.com/images/thumbs/900x600/fit/2022/08/07/9f413464-8a4a-414b-9b0e-3ee21a218320_1659884439.jpg\",\"https://pt123.cdn.static123.com/images/thumbs/900x600/fit/2022/08/07/a829d270-891e-4f03-bf14-97787ff3badf_1659884439.jpg\",\"https://pt123.cdn.static123.com/images/thumbs/900x600/fit/2022/08/07/31253ee6-b23c-462a-a43b-b0db7f14f413_1659884438.jpg\"]','2024-06-07 08:26:44','2024-06-07 08:26:44'),('e3f04fc5-4ccf-499c-b7b2-838c79bf051b','[\"https://pt123.cdn.static123.com/images/thumbs/900x600/fit/2022/06/17/e_1655458831.jpg\",\"https://pt123.cdn.static123.com/images/thumbs/900x600/fit/2022/06/17/a-copy_1655458826.jpg\",\"https://pt123.cdn.static123.com/images/thumbs/900x600/fit/2022/06/17/c-copy_1655458829.jpg\",\"https://pt123.cdn.static123.com/images/thumbs/900x600/fit/2022/06/17/b-copy_1655458828.jpg\",\"https://pt123.cdn.static123.com/images/thumbs/900x600/fit/2022/06/17/d_1655458831.jpg\",\"https://pt123.cdn.static123.com/images/thumbs/900x600/fit/2022/06/17/4_1655458826.jpg\",\"https://pt123.cdn.static123.com/images/thumbs/900x600/fit/2022/06/17/e_1655458831.jpg\",\"https://pt123.cdn.static123.com/images/thumbs/900x600/fit/2022/06/17/a-copy_1655458826.jpg\"]','2024-06-07 08:36:27','2024-06-07 08:36:27'),('e68da45b-c823-47b1-a8fa-89a1316bd777','[\"https://pt123.cdn.static123.com/images/thumbs/900x600/fit/2022/08/08/z3627799021630-502e313a83f3416dc00a8947658d4d56_1659951487.jpg\",\"https://pt123.cdn.static123.com/images/thumbs/900x600/fit/2022/08/08/z3627799009047-85e3a277b6b30a7f95b0d91cd1c6c728_1659951487.jpg\",\"https://pt123.cdn.static123.com/images/thumbs/900x600/fit/2022/08/08/z3627799011712-6da024d854ef7538154845245e7736ae_1659951487.jpg\",\"https://pt123.cdn.static123.com/images/thumbs/900x600/fit/2022/08/08/z3627799021630-502e313a83f3416dc00a8947658d4d56_1659951487.jpg\",\"https://pt123.cdn.static123.com/images/thumbs/900x600/fit/2022/08/08/z3627799009047-85e3a277b6b30a7f95b0d91cd1c6c728_1659951487.jpg\"]','2024-06-07 08:34:32','2024-06-07 08:34:32'),('e98f2f50-c88a-4a4f-bc54-8639d4a86e8a','[\"https://pt123.cdn.static123.com/images/thumbs/900x600/fit/2022/07/03/507ce676-0681-4fe6-bac3-55a7eef70fc3_1656803285.jpg\",\"https://pt123.cdn.static123.com/images/thumbs/900x600/fit/2022/07/03/f6480ee4-11fc-453b-882b-25f03a2bd77e_1656803279.jpg\",\"https://pt123.cdn.static123.com/images/thumbs/900x600/fit/2022/07/03/1b8acfac-f2ef-40c1-962a-d3343d29aca6_1656803278.jpg\",\"https://pt123.cdn.static123.com/images/thumbs/900x600/fit/2022/07/03/1af022b3-1701-4eae-9135-0c56a334a015_1656803279.jpg\",\"https://pt123.cdn.static123.com/images/thumbs/900x600/fit/2022/07/03/e1eab3db-98f4-480c-9047-7fb50da53b9b_1656803280.jpg\",\"https://pt123.cdn.static123.com/images/thumbs/900x600/fit/2022/07/03/80c5cde0-03f7-4b49-ad17-f6f00463154d_1656803280.jpg\",\"https://pt123.cdn.static123.com/images/thumbs/900x600/fit/2022/07/03/8c08f95c-3ec2-438d-8099-701bf3790788_1656803281.jpg\",\"https://pt123.cdn.static123.com/images/thumbs/900x600/fit/2022/07/03/f8974d57-4ac5-4e4f-b133-b333efbda094_1656803283.jpg\",\"https://pt123.cdn.static123.com/images/thumbs/900x600/fit/2022/07/03/507ce676-0681-4fe6-bac3-55a7eef70fc3_1656803285.jpg\",\"https://pt123.cdn.static123.com/images/thumbs/900x600/fit/2022/07/03/f6480ee4-11fc-453b-882b-25f03a2bd77e_1656803279.jpg\"]','2024-06-07 08:40:43','2024-06-07 08:40:43'),('e9c126f6-dd5d-48ed-9396-4bcc7e475bee','[\"https://pt123.cdn.static123.com/images/thumbs/900x600/fit/2022/08/06/11_1659754120.jpg\",\"https://pt123.cdn.static123.com/images/thumbs/900x600/fit/2022/08/06/1_1659754112.jpg\",\"https://pt123.cdn.static123.com/images/thumbs/900x600/fit/2022/08/06/2_1659754112.jpg\",\"https://pt123.cdn.static123.com/images/thumbs/900x600/fit/2022/08/06/3_1659754113.jpg\",\"https://pt123.cdn.static123.com/images/thumbs/900x600/fit/2022/08/06/4_1659754114.jpg\",\"https://pt123.cdn.static123.com/images/thumbs/900x600/fit/2022/08/06/5_1659754115.jpg\",\"https://pt123.cdn.static123.com/images/thumbs/900x600/fit/2022/08/06/6_1659754115.jpg\",\"https://pt123.cdn.static123.com/images/thumbs/900x600/fit/2022/08/06/7_1659754117.jpg\",\"https://pt123.cdn.static123.com/images/thumbs/900x600/fit/2022/08/06/8_1659754117.jpg\",\"https://pt123.cdn.static123.com/images/thumbs/900x600/fit/2022/08/06/9_1659754118.jpg\",\"https://pt123.cdn.static123.com/images/thumbs/900x600/fit/2022/08/06/10_1659754118.jpg\",\"https://pt123.cdn.static123.com/images/thumbs/900x600/fit/2022/08/06/11_1659754120.jpg\",\"https://pt123.cdn.static123.com/images/thumbs/900x600/fit/2022/08/06/1_1659754112.jpg\"]','2024-06-07 08:36:27','2024-06-07 08:36:27'),('ebf869f6-c079-4200-b746-438f26219ad8','[\"https://pt123.cdn.static123.com/images/thumbs/900x600/fit/2022/08/08/296469816-1665805447118539-7599363110475881569-n_1659943979.jpg\",\"https://pt123.cdn.static123.com/images/thumbs/900x600/fit/2022/08/08/296172521-600367881443341-7742697764947829969-n_1659942376.jpg\",\"https://pt123.cdn.static123.com/images/thumbs/900x600/fit/2022/08/08/296009024-439550144784881-641974713265952138-n-1_1659942381.jpg\",\"https://pt123.cdn.static123.com/images/thumbs/900x600/fit/2022/08/08/296141296-450946196887741-8243611203858466365-n_1659942386.jpg\",\"https://pt123.cdn.static123.com/images/thumbs/900x600/fit/2022/08/08/293288661-597040101908601-4876093723005646180-n_1659942393.jpg\",\"https://pt123.cdn.static123.com/images/thumbs/900x600/fit/2022/08/08/296529524-598030541693258-1493692505131350736-n-1_1659942401.jpg\",\"https://pt123.cdn.static123.com/images/thumbs/900x600/fit/2022/08/08/296009024-439550144784881-641974713265952138-n-1_1659943435.jpg\",\"https://pt123.cdn.static123.com/images/thumbs/900x600/fit/2022/08/08/296369765-3422315671332978-1606133761781524294-n_1659943974.jpg\",\"https://pt123.cdn.static123.com/images/thumbs/900x600/fit/2022/08/08/296469816-1665805447118539-7599363110475881569-n_1659943979.jpg\",\"https://pt123.cdn.static123.com/images/thumbs/900x600/fit/2022/08/08/296172521-600367881443341-7742697764947829969-n_1659942376.jpg\"]','2024-06-07 08:40:43','2024-06-07 08:40:43'),('ed04bbdf-aafd-4a1e-891e-c5cb7a3c1c75','[\"https://pt123.cdn.static123.com/images/thumbs/900x600/fit/2022/08/10/e6cb2c1b-f31b-4693-9772-a8fb3cbb6159_1660106078.jpg\",\"https://pt123.cdn.static123.com/images/thumbs/900x600/fit/2022/08/10/f1ad2946-dc33-4005-9eb0-db92f1a75af6_1660106077.jpg\",\"https://pt123.cdn.static123.com/images/thumbs/900x600/fit/2022/08/10/a1b3ba4d-4626-4f74-9690-c980b66264bc_1660106077.jpg\",\"https://pt123.cdn.static123.com/images/thumbs/900x600/fit/2022/08/10/e6cb2c1b-f31b-4693-9772-a8fb3cbb6159_1660106078.jpg\",\"https://pt123.cdn.static123.com/images/thumbs/900x600/fit/2022/08/10/f1ad2946-dc33-4005-9eb0-db92f1a75af6_1660106077.jpg\"]','2024-06-07 08:40:43','2024-06-07 08:40:43'),('f312e7b6-e8e0-4dd1-a20d-130615e3cf5f','[\"https://pt123.cdn.static123.com/images/thumbs/900x600/fit/2022/06/17/e_1655458831.jpg\",\"https://pt123.cdn.static123.com/images/thumbs/900x600/fit/2022/06/17/a-copy_1655458826.jpg\",\"https://pt123.cdn.static123.com/images/thumbs/900x600/fit/2022/06/17/c-copy_1655458829.jpg\",\"https://pt123.cdn.static123.com/images/thumbs/900x600/fit/2022/06/17/b-copy_1655458828.jpg\",\"https://pt123.cdn.static123.com/images/thumbs/900x600/fit/2022/06/17/d_1655458831.jpg\",\"https://pt123.cdn.static123.com/images/thumbs/900x600/fit/2022/06/17/4_1655458826.jpg\",\"https://pt123.cdn.static123.com/images/thumbs/900x600/fit/2022/06/17/e_1655458831.jpg\",\"https://pt123.cdn.static123.com/images/thumbs/900x600/fit/2022/06/17/a-copy_1655458826.jpg\"]','2024-06-07 08:26:44','2024-06-07 08:26:44'),('f3379c7c-7d7d-4937-ba15-0785c0fc8afb','[\"https://pt123.cdn.static123.com/images/thumbs/900x600/fit/2022/02/07/z3162909444862-a280f42872003eb4660d6a93b303d0a1_1644224210.jpg\",\"https://pt123.cdn.static123.com/images/thumbs/900x600/fit/2022/02/07/z3162909437215-13a3f12b9f8394a71526ed5325f15c41_1644224209.jpg\",\"https://pt123.cdn.static123.com/images/thumbs/900x600/fit/2022/02/07/z3162909437290-ed28d4d4b304d9f647118378a213d1cb_1644224209.jpg\",\"https://pt123.cdn.static123.com/images/thumbs/900x600/fit/2022/02/07/z3162909438220-18a7449d53e93445556bd8ba823f10c9_1644224210.jpg\",\"https://pt123.cdn.static123.com/images/thumbs/900x600/fit/2022/02/07/z3162909440591-553ccbf4431e3d9914de388181711436_1644224210.jpg\",\"https://pt123.cdn.static123.com/images/thumbs/900x600/fit/2022/02/07/z3162909444683-63d2a518722a8b76802e0dc9480b01e8_1644224210.jpg\",\"https://pt123.cdn.static123.com/images/thumbs/900x600/fit/2022/02/07/z3162909444862-a280f42872003eb4660d6a93b303d0a1_1644224210.jpg\",\"https://pt123.cdn.static123.com/images/thumbs/900x600/fit/2022/02/07/z3162909437215-13a3f12b9f8394a71526ed5325f15c41_1644224209.jpg\"]','2024-06-07 08:38:53','2024-06-07 08:38:53'),('f3e23a9f-5784-465e-b347-82c1f72579b8','[\"https://pt123.cdn.static123.com/images/thumbs/900x600/fit/2022/08/08/kinh-nghiem-xay-nha-tro-ben-dep-gia-re-3-370x260_1659940179.jpg\",\"https://pt123.cdn.static123.com/images/thumbs/900x600/fit/2022/08/08/20220401214710-nr5mc_1659940176.jpg\",\"https://pt123.cdn.static123.com/images/thumbs/900x600/fit/2022/08/08/kinh-nghiem-xay-nha-tro-ben-dep-gia-re-3-370x260_1659940179.jpg\",\"https://pt123.cdn.static123.com/images/thumbs/900x600/fit/2022/08/08/20220401214710-nr5mc_1659940176.jpg\"]','2024-06-07 08:40:43','2024-06-07 08:40:43'),('f497acba-c064-42a6-b259-581c791221ce','[\"https://pt123.cdn.static123.com/images/thumbs/900x600/fit/2022/08/09/924d5e18ffa03dfe64b1_1660052080.jpg\",\"https://pt123.cdn.static123.com/images/thumbs/900x600/fit/2022/08/09/3b8e3f8a9e325c6c0523_1660052077.jpg\",\"https://pt123.cdn.static123.com/images/thumbs/900x600/fit/2022/08/09/4d6cd27973c1b19fe8d0_1660052077.jpg\",\"https://pt123.cdn.static123.com/images/thumbs/900x600/fit/2022/08/09/17d342f1e34921177858_1660052079.jpg\",\"https://pt123.cdn.static123.com/images/thumbs/900x600/fit/2022/08/09/329e20c1817943271a68_1660052079.jpg\",\"https://pt123.cdn.static123.com/images/thumbs/900x600/fit/2022/08/09/924d5e18ffa03dfe64b1_1660052080.jpg\",\"https://pt123.cdn.static123.com/images/thumbs/900x600/fit/2022/08/09/3b8e3f8a9e325c6c0523_1660052077.jpg\"]','2024-06-07 08:26:44','2024-06-07 08:26:44'),('f62ad4dc-121e-497c-91cb-90c5a97d6c5d','[\"https://pt123.cdn.static123.com/images/thumbs/900x600/fit/2022/08/05/img-1659710873407-1659710889836_1659712134.jpg\",\"https://pt123.cdn.static123.com/images/thumbs/900x600/fit/2022/08/05/img-1659710874006-1659710890335_1659712133.jpg\",\"https://pt123.cdn.static123.com/images/thumbs/900x600/fit/2022/08/05/img-1659710873542-1659710890073_1659712131.jpg\",\"https://pt123.cdn.static123.com/images/thumbs/900x600/fit/2022/08/05/img-1659710873842-1659710890268_1659712131.jpg\",\"https://pt123.cdn.static123.com/images/thumbs/900x600/fit/2022/08/05/img-1659710874469-1659710890541_1659712132.jpg\",\"https://pt123.cdn.static123.com/images/thumbs/900x600/fit/2022/08/05/img-1659710873643-1659710890143_1659712132.jpg\",\"https://pt123.cdn.static123.com/images/thumbs/900x600/fit/2022/08/05/img-1659710874599-1659710890606_1659712133.jpg\",\"https://pt123.cdn.static123.com/images/thumbs/900x600/fit/2022/08/05/img-1659710874317-1659710890471_1659712133.jpg\",\"https://pt123.cdn.static123.com/images/thumbs/900x600/fit/2022/08/05/img-1659710874150-1659710890403_1659712133.jpg\",\"https://pt123.cdn.static123.com/images/thumbs/900x600/fit/2022/08/05/img-1659710873718-1659710890213_1659712134.jpg\",\"https://pt123.cdn.static123.com/images/thumbs/900x600/fit/2022/08/05/img-1659710873487-1659710889971_1659712134.jpg\",\"https://pt123.cdn.static123.com/images/thumbs/900x600/fit/2022/08/05/img-1659710873407-1659710889836_1659712134.jpg\",\"https://pt123.cdn.static123.com/images/thumbs/900x600/fit/2022/08/05/img-1659710874006-1659710890335_1659712133.jpg\"]','2024-06-07 08:26:44','2024-06-07 08:26:44'),('f864dad5-0ff4-4da8-a5ac-8a8f2ee7977c','[\"https://pt123.cdn.static123.com/images/thumbs/900x600/fit/2022/08/09/8_1660029257.jpg\",\"https://pt123.cdn.static123.com/images/thumbs/900x600/fit/2022/08/09/1_1660029255.jpg\",\"https://pt123.cdn.static123.com/images/thumbs/900x600/fit/2022/08/09/2_1660029255.jpg\",\"https://pt123.cdn.static123.com/images/thumbs/900x600/fit/2022/08/09/4_1660029256.jpg\",\"https://pt123.cdn.static123.com/images/thumbs/900x600/fit/2022/08/09/5_1660029256.jpg\",\"https://pt123.cdn.static123.com/images/thumbs/900x600/fit/2022/08/09/6_1660029257.jpg\",\"https://pt123.cdn.static123.com/images/thumbs/900x600/fit/2022/08/09/7_1660029257.jpg\",\"https://pt123.cdn.static123.com/images/thumbs/900x600/fit/2022/08/09/8_1660029257.jpg\",\"https://pt123.cdn.static123.com/images/thumbs/900x600/fit/2022/08/09/1_1660029255.jpg\"]','2024-06-07 08:38:53','2024-06-07 08:38:53'),('f868fb23-1455-46b6-8942-4584ea2048e9','[\"https://pt123.cdn.static123.com/images/thumbs/900x600/fit/2022/08/10/23c9422905c7f999a0d659_1660100658.jpg\",\"https://pt123.cdn.static123.com/images/thumbs/900x600/fit/2022/08/10/d16e16a95147ad19f45656_1660100664.jpg\",\"https://pt123.cdn.static123.com/images/thumbs/900x600/fit/2022/08/10/8e3cfdecba02465c1f1355_1660100658.jpg\",\"https://pt123.cdn.static123.com/images/thumbs/900x600/fit/2022/08/10/68bc8867cf8933d76a9857_1660100660.jpg\",\"https://pt123.cdn.static123.com/images/thumbs/900x600/fit/2022/08/10/b814b5c8f2260e78573758_1660100662.jpg\",\"https://pt123.cdn.static123.com/images/thumbs/900x600/fit/2022/04/25/b813c8f58f1b73452a0a60_1650874569.jpg\",\"https://pt123.cdn.static123.com/images/thumbs/900x600/fit/2022/04/25/b54529b46e5a9204cb4b61_1650874571.jpg\",\"https://pt123.cdn.static123.com/images/thumbs/900x600/fit/2022/08/10/z3632027092979-8daa593c24da8a845acbbb1bb58060ca_1660100628.jpg\",\"https://pt123.cdn.static123.com/images/thumbs/900x600/fit/2022/08/10/z3632027093110-d8e20724215b376ef771964808900f4e_1660100628.jpg\",\"https://pt123.cdn.static123.com/images/thumbs/900x600/fit/2022/08/10/23c9422905c7f999a0d659_1660100658.jpg\"]','2024-06-07 08:36:27','2024-06-07 08:36:27'),('f89ef5c0-7381-46c4-88d7-76a0195e97a8','[\"https://pt123.cdn.static123.com/images/thumbs/900x600/fit/2022/08/07/a829d270-891e-4f03-bf14-97787ff3badf_1659884439.jpg\",\"https://pt123.cdn.static123.com/images/thumbs/900x600/fit/2022/08/07/31253ee6-b23c-462a-a43b-b0db7f14f413_1659884438.jpg\",\"https://pt123.cdn.static123.com/images/thumbs/900x600/fit/2022/08/07/4787b77c-ba34-4093-aead-2b4377d056e7_1659884438.jpg\",\"https://pt123.cdn.static123.com/images/thumbs/900x600/fit/2022/08/07/cf952df8-dbea-4f43-a1e1-790df5fa98a3_1659884439.jpg\",\"https://pt123.cdn.static123.com/images/thumbs/900x600/fit/2022/08/07/a93acb47-2ae5-415f-8bfe-4c08166e7ab9_1659884439.jpg\",\"https://pt123.cdn.static123.com/images/thumbs/900x600/fit/2022/08/07/9f413464-8a4a-414b-9b0e-3ee21a218320_1659884439.jpg\",\"https://pt123.cdn.static123.com/images/thumbs/900x600/fit/2022/08/07/a829d270-891e-4f03-bf14-97787ff3badf_1659884439.jpg\",\"https://pt123.cdn.static123.com/images/thumbs/900x600/fit/2022/08/07/31253ee6-b23c-462a-a43b-b0db7f14f413_1659884438.jpg\"]','2024-06-07 08:36:27','2024-06-07 08:36:27'),('f920ee66-6f93-4e00-bf9d-ae64ac38c3c4','[\"https://pt123.cdn.static123.com/images/thumbs/900x600/fit/2022/08/02/e233ddfd880a4a54131b-1_1659450136.jpg\",\"https://pt123.cdn.static123.com/images/thumbs/900x600/fit/2022/08/02/3a2204b151469318ca57_1659450138.jpg\",\"https://pt123.cdn.static123.com/images/thumbs/900x600/fit/2022/08/02/1458b730b4ed76b32ffc-1_1659450137.jpg\",\"https://pt123.cdn.static123.com/images/thumbs/900x600/fit/2022/08/02/60b662cc6111a34ffa00-1_1659450137.jpg\",\"https://pt123.cdn.static123.com/images/thumbs/900x600/fit/2022/08/02/5d37ce53cd8e0fd0569f-1_1659450137.jpg\",\"https://pt123.cdn.static123.com/images/thumbs/900x600/fit/2022/08/02/1e88b85abc877ed92796-1_1659450138.jpg\",\"https://pt123.cdn.static123.com/images/thumbs/900x600/fit/2022/08/02/4e0663ff3608f456ad19-1_1659450137.jpg\",\"https://pt123.cdn.static123.com/images/thumbs/900x600/fit/2022/08/02/e233ddfd880a4a54131b-1_1659450136.jpg\",\"https://pt123.cdn.static123.com/images/thumbs/900x600/fit/2022/08/02/3a2204b151469318ca57_1659450138.jpg\"]','2024-06-07 08:34:32','2024-06-07 08:34:32'),('faa6237f-db73-4b80-a55f-ffed6d889f10','[\"https://pt123.cdn.static123.com/images/thumbs/900x600/fit/2022/06/22/l-p470661-2205240032-at-628bc521a44ed-1_1655846793.jpg\",\"https://pt123.cdn.static123.com/images/thumbs/900x600/fit/2022/06/22/49947625-1239512099531093-1406786949775097856-n_1655846779.jpg\",\"https://pt123.cdn.static123.com/images/thumbs/900x600/fit/2022/06/22/50012419-278459509516034-5318313970908528640-n_1655846779.jpg\",\"https://pt123.cdn.static123.com/images/thumbs/900x600/fit/2022/06/22/50730735-2249389168667360-6173524706382053376-n_1655846779.jpg\",\"https://pt123.cdn.static123.com/images/thumbs/900x600/fit/2022/06/22/50673350-811529362512515-7828540635354234880-n_1655846779.jpg\",\"https://pt123.cdn.static123.com/images/thumbs/900x600/fit/2022/06/22/50853954-219321752350543-2869661185978925056-n_1655846779.jpg\",\"https://pt123.cdn.static123.com/images/thumbs/900x600/fit/2022/06/22/l-p470661-2205240032-at-628bc521a44ed-1_1655846793.jpg\",\"https://pt123.cdn.static123.com/images/thumbs/900x600/fit/2022/06/22/49947625-1239512099531093-1406786949775097856-n_1655846779.jpg\"]','2024-06-07 08:34:32','2024-06-07 08:34:32'),('fe05a929-b3f9-44fb-b5d8-14e09d00a220','[\"https://pt123.cdn.static123.com/images/thumbs/900x600/fit/2022/08/06/54fb5059-64a6-4e24-bdaf-ac27781554a2_1659723886.jpg\",\"https://pt123.cdn.static123.com/images/thumbs/900x600/fit/2022/08/06/d97f01f1-c106-496e-96ec-478e80ef121f_1659723875.jpg\",\"https://pt123.cdn.static123.com/images/thumbs/900x600/fit/2022/08/06/b7c86f3c-8c65-48c9-a080-917de36fba56_1659723877.jpg\",\"https://pt123.cdn.static123.com/images/thumbs/900x600/fit/2022/08/06/c62cff74-2f0d-46d0-bb62-672c8a005303_1659723875.jpg\",\"https://pt123.cdn.static123.com/images/thumbs/900x600/fit/2022/08/06/625a39f5-ac30-4ee3-8667-5eb3ad91f34f_1659723877.jpg\",\"https://pt123.cdn.static123.com/images/thumbs/900x600/fit/2022/08/06/dbc10c4a-04b1-4938-b19a-f3db001eddcd_1659723879.jpg\",\"https://pt123.cdn.static123.com/images/thumbs/900x600/fit/2022/08/06/d6468178-ef22-428e-8377-6cdeaef621e5_1659723881.jpg\",\"https://pt123.cdn.static123.com/images/thumbs/900x600/fit/2022/08/06/28ce3bd4-b708-4711-bfd7-9153149a854e_1659723881.jpg\",\"https://pt123.cdn.static123.com/images/thumbs/900x600/fit/2022/08/06/3575cd52-9162-4af0-a4dc-733a43396750_1659723884.jpg\",\"https://pt123.cdn.static123.com/images/thumbs/900x600/fit/2022/08/06/bb30e9dc-8748-43a5-8f79-370577da3611_1659723884.jpg\",\"https://pt123.cdn.static123.com/images/thumbs/900x600/fit/2022/08/06/fbe1d04e-af8e-4a51-91eb-ab18b32b09bf_1659723885.jpg\",\"https://pt123.cdn.static123.com/images/thumbs/900x600/fit/2022/08/06/54fb5059-64a6-4e24-bdaf-ac27781554a2_1659723886.jpg\",\"https://pt123.cdn.static123.com/images/thumbs/900x600/fit/2022/08/06/d97f01f1-c106-496e-96ec-478e80ef121f_1659723875.jpg\"]','2024-06-07 08:36:27','2024-06-07 08:36:27');
/*!40000 ALTER TABLE `images` ENABLE KEYS */;
UNLOCK TABLES;

--
-- Table structure for table `labels`
--

DROP TABLE IF EXISTS `labels`;
/*!40101 SET @saved_cs_client     = @@character_set_client */;
/*!50503 SET character_set_client = utf8mb4 */;
CREATE TABLE `labels` (
  `id` int NOT NULL AUTO_INCREMENT,
  `code` varchar(255) DEFAULT NULL,
  `value` varchar(255) DEFAULT NULL,
  `createdAt` datetime NOT NULL,
  `updatedAt` datetime NOT NULL,
  PRIMARY KEY (`id`)
) ENGINE=InnoDB AUTO_INCREMENT=51 DEFAULT CHARSET=utf8mb4 COLLATE=utf8mb4_0900_ai_ci;
/*!40101 SET character_set_client = @saved_cs_client */;

--
-- Dumping data for table `labels`
--

LOCK TABLES `labels` WRITE;
/*!40000 ALTER TABLE `labels` DISABLE KEYS */;
INSERT INTO `labels` VALUES (1,'CUNN','Cho thuê căn hộ dịch vụ Quận Tân Phú','2024-06-07 08:26:44','2024-06-07 08:26:44'),(2,'CNHT','Cho thuê căn hộ dịch vụ Quận Bình Thạnh','2024-06-07 08:26:44','2024-06-07 08:26:44'),(3,'CACP','Cho thuê căn hộ Quận 2','2024-06-07 08:26:44','2024-06-07 08:26:44'),(4,'CNNA','Cho thuê căn hộ Quận Bình Thạnh','2024-06-07 08:26:44','2024-06-07 08:26:44'),(5,'CNNA','Cho thuê căn hộ Quận Bình Thạnh','2024-06-07 08:26:44','2024-06-07 08:26:44'),(6,'CAHB','Cho thuê căn hộ dịch vụ Quận Tân Bình','2024-06-07 08:26:44','2024-06-07 08:26:44'),(7,'CUNO','Cho thuê căn hộ dịch vụ Quận Gò Vấp','2024-06-07 08:26:44','2024-06-07 08:26:44'),(8,'CAHB','Cho thuê căn hộ dịch vụ Quận Tân Bình','2024-06-07 08:26:44','2024-06-07 08:26:44'),(9,'CQA7','Cho thuê căn hộ mini Quận 7','2024-06-07 08:26:44','2024-06-07 08:26:44'),(10,'CUAN','Cho thuê căn hộ dịch vụ Quận 12','2024-06-07 08:26:44','2024-06-07 08:26:44'),(11,'CONN','Cho thuê căn hộ Thành Phố Quy Nhơn','2024-06-07 08:26:44','2024-06-07 08:26:44'),(12,'CNNB','Cho thuê căn hộ mini Quận Tân Bình','2024-06-07 08:26:44','2024-06-07 08:26:44'),(13,'CTTI','Cho thuê mặt bằng Quận Tân Bình','2024-06-07 08:34:32','2024-06-07 08:34:32'),(14,'CUM8','Cho thuê mặt bằng Quận 8','2024-06-07 08:34:32','2024-06-07 08:34:32'),(15,'CUM4','Cho thuê mặt bằng Quận 4','2024-06-07 08:34:32','2024-06-07 08:34:32'),(16,'CBTH','Cho thuê mặt bằng Huyện Bình Chánh','2024-06-07 08:34:32','2024-06-07 08:34:32'),(17,'CUM2','Cho thuê mặt bằng Quận 12','2024-06-07 08:34:32','2024-06-07 08:34:32'),(18,'CATL','Cho thuê mặt bằng Quận Nam Từ Liêm','2024-06-07 08:34:32','2024-06-07 08:34:32'),(19,'CATL','Cho thuê mặt bằng Quận Nam Từ Liêm','2024-06-07 08:34:32','2024-06-07 08:34:32'),(20,'CUM1','Cho thuê mặt bằng Quận 1','2024-06-07 08:34:32','2024-06-07 08:34:32'),(21,'CITH','Cho thuê mặt bằng Quận Bình Thạnh','2024-06-07 08:34:32','2024-06-07 08:34:32'),(22,'CUM5','Cho thuê mặt bằng Quận 5','2024-06-07 08:34:32','2024-06-07 08:34:32'),(23,'CNTC','Cho thuê mặt bằng Huyện Vĩnh Cửu','2024-06-07 08:34:32','2024-06-07 08:34:32'),(24,'CNTI','Cho thuê mặt bằng Huyện Phú Giáo','2024-06-07 08:34:32','2024-06-07 08:34:32'),(25,'CHTH','Cho thuê mặt bằng Quận Hải Châu','2024-06-07 08:34:32','2024-06-07 08:34:32'),(26,'CHTX','Cho thuê mặt bằng Quận Thanh Xuân','2024-06-07 08:34:32','2024-06-07 08:34:32'),(27,'CNAĐ','Cho thuê mặt bằng Quận Thủ Đức','2024-06-07 08:34:32','2024-06-07 08:34:32'),(28,'CNEP','Cho thuê nhà Quận 12','2024-06-07 08:38:54','2024-06-07 08:38:54'),(29,'CNHN','Cho thuê nhà Quận Bình Tân','2024-06-07 08:38:54','2024-06-07 08:38:54'),(30,'CNEH','Cho thuê nhà Quận 7','2024-06-07 08:38:54','2024-06-07 08:38:54'),(31,'CONP','Cho thuê nhà Quận Gò Vấp','2024-06-07 08:38:54','2024-06-07 08:38:54'),(32,'CHHA','Cho thuê nhà Huyện Thuận An','2024-06-07 08:38:54','2024-06-07 08:38:54'),(33,'CNHH','Cho thuê nhà Quận Tân Bình','2024-06-07 08:38:54','2024-06-07 08:38:54'),(34,'CAHE','Cho thuê nhà Quận Hoàn Kiếm','2024-06-07 08:38:54','2024-06-07 08:38:54'),(35,'COHN','Cho thuê nhà Huyện Hóc Môn','2024-06-07 08:38:54','2024-06-07 08:38:54'),(36,'CTHE','Cho thuê nhà Quận Nam Từ Liêm','2024-06-07 08:38:54','2024-06-07 08:38:54'),(37,'CAHA','Cho thuê nhà Quận Hoàng Mai','2024-06-07 08:38:54','2024-06-07 08:38:54'),(38,'CHNC','Cho thuê nhà Quận Thủ Đức','2024-06-07 08:38:54','2024-06-07 08:38:54'),(39,'CANU','Cho thuê nhà Quận Tân Phú','2024-06-07 08:38:54','2024-06-07 08:38:54'),(40,'CNOĐ','Cho thuê phòng trọ Quận Thủ Đức','2024-06-07 08:40:43','2024-06-07 08:40:43'),(41,'CUH0','Cho thuê phòng trọ Quận 10','2024-06-07 08:40:43','2024-06-07 08:40:43'),(42,'CNOI','Cho thuê phòng trọ Quận Tân Bình','2024-06-07 08:40:43','2024-06-07 08:40:43'),(43,'CNOP','Cho thuê phòng trọ Quận Tân Phú','2024-06-07 08:40:43','2024-06-07 08:40:43'),(44,'CAHV','Cho thuê phòng trọ Quận Gò Vấp','2024-06-07 08:40:43','2024-06-07 08:40:43'),(45,'CQP7','Cho thuê phòng trọ Quận 7','2024-06-07 08:40:43','2024-06-07 08:40:43'),(46,'CBOH','Cho thuê phòng trọ Quận Bình Thạnh','2024-06-07 08:40:43','2024-06-07 08:40:43'),(47,'CNOT','Cho thuê phòng trọ Quận Bình Tân','2024-06-07 08:40:43','2024-06-07 08:40:43'),(48,'CBOH','Cho thuê phòng trọ Quận Bình Thạnh','2024-06-07 08:40:43','2024-06-07 08:40:43'),(49,'CQP6','Cho thuê phòng trọ Quận 6','2024-06-07 08:40:43','2024-06-07 08:40:43'),(50,'CEOA','Cho thuê phòng trọ Huyện Nhà Bè','2024-06-07 08:40:43','2024-06-07 08:40:43');
/*!40000 ALTER TABLE `labels` ENABLE KEYS */;
UNLOCK TABLES;

--
-- Table structure for table `overviews`
--

DROP TABLE IF EXISTS `overviews`;
/*!40101 SET @saved_cs_client     = @@character_set_client */;
/*!50503 SET character_set_client = utf8mb4 */;
CREATE TABLE `overviews` (
  `id` varchar(255) NOT NULL,
  `code` varchar(255) DEFAULT NULL,
  `area` varchar(255) DEFAULT NULL,
  `type` varchar(255) DEFAULT NULL,
  `target` varchar(255) DEFAULT NULL,
  `bonus` varchar(255) DEFAULT NULL,
  `created` varchar(255) DEFAULT NULL,
  `expired` varchar(255) DEFAULT NULL,
  `createdAt` datetime NOT NULL,
  `updatedAt` datetime NOT NULL,
  PRIMARY KEY (`id`)
) ENGINE=InnoDB DEFAULT CHARSET=utf8mb4 COLLATE=utf8mb4_0900_ai_ci;
/*!40101 SET character_set_client = @saved_cs_client */;

--
-- Dumping data for table `overviews`
--

LOCK TABLES `overviews` WRITE;
/*!40000 ALTER TABLE `overviews` DISABLE KEYS */;
INSERT INTO `overviews` VALUES ('031223e3-a3ab-42ba-ac27-06ad94bfe099','#277052','Cho thuê phòng trọ Hồ Chí Minh','Phòng trọ, nhà trọ','Tất cả','Tin VIP 1','Thứ 3, 14:14 09/08/2022','Chủ Nhật, 14:14 14/08/2022','2024-06-07 08:40:43','2024-06-07 08:40:43'),('0b5f0170-f339-4aed-9dd7-923f499d4a8b','#605605','Cho thuê mặt bằng Hà Nội','Cho thuê mặt bằng','Tất cả','Tin thường','Thứ 3, 10:38 09/08/2022','Thứ 3, 10:38 23/08/2022','2024-06-07 08:34:32','2024-06-07 08:34:32'),('0d48092a-a15d-4756-a353-699aeb72793d','#605599','Cho thuê mặt bằng Hồ Chí Minh','Cho thuê mặt bằng','Tất cả','Tin thường','Thứ 3, 10:26 09/08/2022','Thứ 6, 10:26 19/08/2022','2024-06-07 08:34:32','2024-06-07 08:34:32'),('149b4fad-de6f-4e62-abac-e36e75600ee0','#605543','Cho thuê mặt bằng Hà Nội','Cho thuê mặt bằng','Tất cả','Tin thường','Thứ 2, 11:43 08/08/2022','Thứ 5, 11:43 18/08/2022','2024-06-07 08:34:32','2024-06-07 08:34:32'),('171d6f4a-ff5f-4220-bd23-597e98ba9367','#605625','Cho thuê nhà Hồ Chí Minh','Nhà thuê nguyên căn','Tất cả','Tin thường','Thứ 3, 14:21 09/08/2022','Thứ 4, 14:21 24/08/2022','2024-06-07 08:38:54','2024-06-07 08:38:54'),('1e874464-a541-45da-bf33-8fa683211138','#599068','Cho thuê nhà Hồ Chí Minh','Nhà thuê nguyên căn','Tất cả','Tin thường','Thứ 3, 08:28 09/08/2022','Thứ 3, 15:15 16/08/2022','2024-06-07 08:38:54','2024-06-07 08:38:54'),('2c10569e-4051-4025-a067-f1984e5bd6b7','#303794','Cho thuê căn hộ Hồ Chí Minh','Cho thuê căn hộ','Tất cả','Tin thường','Thứ 4, 14:16 10/08/2022','Thứ 7, 14:16 20/08/2022','2024-06-07 08:26:44','2024-06-07 08:26:44'),('34631559-acc6-46a1-ad9f-3a27769d64be','#296453','Cho thuê căn hộ Hồ Chí Minh','Cho thuê căn hộ','Tất cả','Tin VIP 2','Thứ 3, 10:06 09/08/2022','Thứ 3, 10:06 16/08/2022','2024-06-07 08:36:27','2024-06-07 08:36:27'),('34f9fc00-9f53-47c5-8fe8-839d7ea0d34e','#605643','Cho thuê căn hộ Hồ Chí Minh','Cho thuê căn hộ','Tất cả','Tin VIP 3','Thứ 3, 19:13 09/08/2022','Chủ Nhật, 19:13 14/08/2022','2024-06-07 08:36:27','2024-06-07 08:36:27'),('35286ba5-ee2c-47ef-ad47-99f77e73bbea','#605594','Cho thuê mặt bằng Hồ Chí Minh','Cho thuê mặt bằng','Tất cả','Tin miễn phí','Thứ 2, 23:03 08/08/2022','Thứ 7, 23:03 13/08/2022','2024-06-07 08:34:32','2024-06-07 08:34:32'),('377b7006-bc7d-45af-8d89-22d9d4c272a5','#598936','Cho thuê phòng trọ Hồ Chí Minh','Phòng trọ, nhà trọ','Tất cả','Tin VIP 2','Thứ 4, 16:02 10/08/2022','Thứ 4, 16:02 17/08/2022','2024-06-07 08:40:43','2024-06-07 08:40:43'),('37fb20b9-055b-4c00-ab0d-b02c9342a545','#605648','Cho thuê căn hộ dịch vụ Hồ Chí Minh','Cho thuê căn hộ dịch vụ','Tất cả','Tin VIP 3','Thứ 3, 21:05 09/08/2022','Chủ Nhật, 21:05 14/08/2022','2024-06-07 08:36:27','2024-06-07 08:36:27'),('3a5a1cff-b3fd-4ddf-87fe-06b7726176fc','#605027','Cho thuê phòng trọ Hồ Chí Minh','Phòng trọ, nhà trọ','Tất cả','Tin VIP 1','Thứ 6, 17:04 29/07/2022','Thứ 6, 17:04 12/08/2022','2024-06-07 08:40:44','2024-06-07 08:40:44'),('3afd993d-dfd3-40b9-ad5a-68e2a0ae67a7','#605643','Cho thuê căn hộ Hồ Chí Minh','Cho thuê căn hộ','Tất cả','Tin VIP 3','Thứ 3, 19:13 09/08/2022','Chủ Nhật, 19:13 14/08/2022','2024-06-07 08:26:44','2024-06-07 08:26:44'),('3c33aea2-1e07-4f43-8cbd-8177310339cd','#605201','Cho thuê mặt bằng Hồ Chí Minh','Cho thuê mặt bằng','Tất cả','Tin miễn phí','Thứ 2, 15:42 01/08/2022','Thứ 7, 15:42 06/08/2022','2024-06-07 08:34:32','2024-06-07 08:34:32'),('3d61c81c-28be-485f-8481-935fce8ca710','#242440','Cho thuê mặt bằng Bình Dương','Cho thuê mặt bằng','Tất cả','Tin thường','Thứ 7, 15:55 06/08/2022','Thứ 3, 15:55 16/08/2022','2024-06-07 08:34:32','2024-06-07 08:34:32'),('44754606-4dee-4b89-9a7e-2da6cbd54573','#605577','Cho thuê nhà Hồ Chí Minh','Nhà thuê nguyên căn','Tất cả','Tin thường','Thứ 2, 18:56 08/08/2022','Thứ 2, 18:56 22/08/2022','2024-06-07 08:38:54','2024-06-07 08:38:54'),('44759517-3111-4895-8f8a-9133fa38813d','#585449','Cho thuê căn hộ dịch vụ Hồ Chí Minh','Cho thuê căn hộ dịch vụ','Tất cả','Tin thường','Thứ 4, 14:14 10/08/2022','Thứ 7, 14:14 20/08/2022','2024-06-07 08:26:44','2024-06-07 08:26:44'),('4683c94b-c6fe-4521-af32-956a766b6394','#605447','Cho thuê căn hộ mini Hồ Chí Minh','Cho thuê căn hộ mini','Tất cả','Tin thường','Thứ 4, 14:27 10/08/2022','Thứ 2, 22:09 15/08/2022','2024-06-07 08:36:27','2024-06-07 08:36:27'),('53dba8e2-94be-4122-9b61-d6054d92cc18','#605693','Cho thuê căn hộ mini Hồ Chí Minh','Cho thuê căn hộ mini','Tất cả','Tin thường','Thứ 4, 15:52 10/08/2022','Thứ 7, 15:52 20/08/2022','2024-06-07 08:26:44','2024-06-07 08:26:44'),('540f7bcd-29d0-4d91-bfcf-ce63e754b2a5','#605675','Cho thuê nhà Hà Nội','Nhà thuê nguyên căn','Tất cả','Tin miễn phí','Thứ 4, 11:03 10/08/2022','Thứ 2, 11:03 15/08/2022','2024-06-07 08:38:54','2024-06-07 08:38:54'),('59ae17e7-9e20-4f0d-a15a-647c90c17baa','#605488','Cho thuê căn hộ mini Hồ Chí Minh','Cho thuê căn hộ mini','Tất cả','Tin thường','Thứ 4, 14:26 10/08/2022','Thứ 3, 16:25 16/08/2022','2024-06-07 08:26:44','2024-06-07 08:26:44'),('5f2c96aa-ef38-42ec-97ec-19a088ea8613','#605478','Cho thuê mặt bằng Hồ Chí Minh','Cho thuê mặt bằng','Tất cả','Tin thường','Thứ 7, 12:28 06/08/2022','Thứ 7, 12:28 20/08/2022','2024-06-07 08:34:32','2024-06-07 08:34:32'),('5f3ada7b-4f83-4e4d-b260-767eab91c2e6','#605460','Cho thuê căn hộ Hồ Chí Minh','Cho thuê căn hộ','Tất cả','Tin VIP 3','Thứ 7, 01:25 06/08/2022','Thứ 3, 01:25 16/08/2022','2024-06-07 08:26:44','2024-06-07 08:26:44'),('6158033e-8ad0-47cf-b693-b56e7da29202','#594264','Cho thuê căn hộ Hồ Chí Minh','Cho thuê căn hộ','Tất cả','Tin thường','Thứ 4, 14:08 10/08/2022','Thứ 7, 14:08 20/08/2022','2024-06-07 08:36:27','2024-06-07 08:36:27'),('617ccc8c-2121-4a95-b5c3-f29baba7b3ea','#602457','Cho thuê mặt bằng Hồ Chí Minh','Cho thuê mặt bằng','Tất cả','Tin thường','Thứ 2, 10:54 08/08/2022','Thứ 6, 21:24 12/08/2022','2024-06-07 08:34:32','2024-06-07 08:34:32'),('6330bfd5-9b3a-4bfa-a534-61dd334d64b4','#602626','Cho thuê căn hộ dịch vụ Hồ Chí Minh','Cho thuê căn hộ dịch vụ','Tất cả','Tin thường','Thứ 4, 16:42 10/08/2022','Thứ 7, 16:42 20/08/2022','2024-06-07 08:36:27','2024-06-07 08:36:27'),('69e00cf8-4fe8-4b6c-a71f-517acd9c9345','#605460','Cho thuê căn hộ Hồ Chí Minh','Cho thuê căn hộ','Tất cả','Tin VIP 3','Thứ 7, 01:25 06/08/2022','Thứ 3, 01:25 16/08/2022','2024-06-07 08:36:27','2024-06-07 08:36:27'),('6aea20c5-2b43-41f4-9ba6-34a9984a599f','#602514','Cho thuê nhà Hồ Chí Minh','Nhà thuê nguyên căn','Tất cả','Tin thường','Thứ 4, 15:44 10/08/2022','Thứ 3, 09:18 30/08/2022','2024-06-07 08:38:54','2024-06-07 08:38:54'),('6b83f647-8ea4-461e-b20c-e15fffb3d2cc','#316380','Cho thuê mặt bằng Đà Nẵng','Cho thuê mặt bằng','Tất cả','Tin thường','Thứ 4, 20:13 03/08/2022','Thứ 7, 20:13 13/08/2022','2024-06-07 08:34:32','2024-06-07 08:34:32'),('6bdee905-bd3e-4d73-8e39-0c9d6a1b80f9','#605524','Cho thuê căn hộ dịch vụ Hồ Chí Minh','Cho thuê căn hộ dịch vụ','Tất cả','Tin VIP 3','Chủ Nhật, 22:02 07/08/2022','Thứ 6, 22:02 12/08/2022','2024-06-07 08:36:27','2024-06-07 08:36:27'),('6d64ba65-c138-44f4-a95a-f7eb42f3d210','#83144','Cho thuê phòng trọ Hồ Chí Minh','Phòng trọ, nhà trọ','Tất cả','Tin VIP nổi bật','Thứ 3, 09:59 12/07/2022','Thứ 5, 09:59 11/08/2022','2024-06-07 08:40:43','2024-06-07 08:40:43'),('6ef7f1e5-f6f4-4083-bee6-ef7f792f6dfa','#599644','Cho thuê căn hộ dịch vụ Hồ Chí Minh','Cho thuê căn hộ dịch vụ','Tất cả','Tin VIP 3','Thứ 4, 10:05 10/08/2022','Thứ 4, 10:05 17/08/2022','2024-06-07 08:26:44','2024-06-07 08:26:44'),('704531ee-0e2e-416c-ae87-b053deafd772','#605411','Cho thuê mặt bằng Hồ Chí Minh','Cho thuê mặt bằng','Tất cả','Tin miễn phí','Thứ 6, 10:38 05/08/2022','Thứ 4, 10:38 10/08/2022','2024-06-07 08:34:32','2024-06-07 08:34:32'),('7465508d-443a-4ad9-a128-854368c21740','#603145','Cho thuê phòng trọ Hồ Chí Minh','Phòng trọ, nhà trọ','Tất cả','Tin VIP nổi bật','Thứ 7, 08:50 30/07/2022','Thứ 5, 08:50 25/08/2022','2024-06-07 08:40:43','2024-06-07 08:40:43'),('77f8dcaf-9e8a-4577-98a6-c880db555e84','#204258','Cho thuê mặt bằng Đồng Nai','Cho thuê mặt bằng','Tất cả','Tin thường','Thứ 7, 16:01 06/08/2022','Thứ 3, 16:01 16/08/2022','2024-06-07 08:34:32','2024-06-07 08:34:32'),('7a8bcd3f-72b3-4f47-a17d-aff464f44ac9','#605638','Cho thuê nhà Hồ Chí Minh','Nhà thuê nguyên căn','Tất cả','Tin miễn phí','Thứ 3, 16:56 09/08/2022','Chủ Nhật, 16:56 14/08/2022','2024-06-07 08:38:54','2024-06-07 08:38:54'),('7b044a5d-be5e-44ae-872f-c9d56d706791','#605692','Cho thuê nhà Hà Nội','Nhà thuê nguyên căn','Tất cả','Tin miễn phí','Thứ 4, 15:35 10/08/2022','Thứ 2, 15:35 15/08/2022','2024-06-07 08:38:54','2024-06-07 08:38:54'),('83dfba57-ea1b-49b3-bb96-d09e7bd46a59','#605019','Cho thuê phòng trọ Hồ Chí Minh','Phòng trọ, nhà trọ','Tất cả','Tin VIP nổi bật','Thứ 3, 08:36 09/08/2022','Chủ Nhật, 08:36 14/08/2022','2024-06-07 08:40:43','2024-06-07 08:40:43'),('8506faa9-12cb-4da1-b968-c9555156dbb1','#605467','Cho thuê căn hộ mini Hồ Chí Minh','Cho thuê căn hộ mini','Tất cả','Tin thường','Thứ 4, 16:51 10/08/2022','Thứ 3, 09:50 16/08/2022','2024-06-07 08:26:44','2024-06-07 08:26:44'),('85921ba9-1808-4584-9ef6-c7f463d70bb8','#605178','Cho thuê mặt bằng Hồ Chí Minh','Cho thuê mặt bằng','Tất cả','Tin thường','Thứ 2, 10:57 01/08/2022','Thứ 2, 10:57 08/08/2022','2024-06-07 08:34:33','2024-06-07 08:34:33'),('8b1653bd-0dcb-455e-9e29-f62947faf45e','#605654','Cho thuê nhà Hồ Chí Minh','Nhà thuê nguyên căn','Tất cả','Tin thường','Thứ 4, 00:00 10/08/2022','Thứ 7, 00:00 20/08/2022','2024-06-07 08:38:54','2024-06-07 08:38:54'),('8c62b16c-fc00-47e6-a643-c786396ab262','#588451','Cho thuê phòng trọ Hồ Chí Minh','Phòng trọ, nhà trọ','Tất cả','Tin VIP 1','Thứ 4, 11:38 10/08/2022','Thứ 4, 11:38 17/08/2022','2024-06-07 08:40:43','2024-06-07 08:40:43'),('956271fc-f8f0-4c9c-9276-bb51b95c7473','#585449','Cho thuê căn hộ dịch vụ Hồ Chí Minh','Cho thuê căn hộ dịch vụ','Tất cả','Tin thường','Thứ 4, 14:14 10/08/2022','Thứ 7, 14:14 20/08/2022','2024-06-07 08:36:27','2024-06-07 08:36:27'),('959dd97a-1656-47b3-bffd-93b6000184dc','#605447','Cho thuê căn hộ mini Hồ Chí Minh','Cho thuê căn hộ mini','Tất cả','Tin thường','Thứ 4, 14:27 10/08/2022','Thứ 2, 22:09 15/08/2022','2024-06-07 08:26:44','2024-06-07 08:26:44'),('95ce3231-5b88-4f37-85e2-6274ce60de93','#605655','Cho thuê căn hộ dịch vụ Hồ Chí Minh','Cho thuê căn hộ dịch vụ','Tất cả','Tin VIP 3','Thứ 4, 00:44 10/08/2022','Thứ 2, 00:44 15/08/2022','2024-06-07 08:36:27','2024-06-07 08:36:27'),('9930e13b-c320-4e96-8bc6-3ef1ad978a77','#605648','Cho thuê căn hộ dịch vụ Hồ Chí Minh','Cho thuê căn hộ dịch vụ','Tất cả','Tin VIP 3','Thứ 3, 21:05 09/08/2022','Chủ Nhật, 21:05 14/08/2022','2024-06-07 08:26:44','2024-06-07 08:26:44'),('99792bbd-005e-42ce-8882-e8710e655f91','#605489','Cho thuê căn hộ mini Hồ Chí Minh','Cho thuê căn hộ mini','Tất cả','Tin thường','Thứ 4, 14:26 10/08/2022','Thứ 3, 16:30 16/08/2022','2024-06-07 08:36:27','2024-06-07 08:36:27'),('9e382d43-7e01-450c-8ec6-2c7cf67a1ac5','#605489','Cho thuê căn hộ mini Hồ Chí Minh','Cho thuê căn hộ mini','Tất cả','Tin thường','Thứ 4, 14:26 10/08/2022','Thứ 3, 16:30 16/08/2022','2024-06-07 08:26:44','2024-06-07 08:26:44'),('9ebc9f14-03d6-4b60-af5d-cecda2eb021f','#604539','Cho thuê nhà Hồ Chí Minh','Nhà thuê nguyên căn','Tất cả','Tin VIP 3','Thứ 4, 14:16 10/08/2022','Thứ 3, 09:15 16/08/2022','2024-06-07 08:38:54','2024-06-07 08:38:54'),('a38cec2e-979d-493b-be58-539a12bd3d64','#605524','Cho thuê căn hộ dịch vụ Hồ Chí Minh','Cho thuê căn hộ dịch vụ','Tất cả','Tin VIP 3','Chủ Nhật, 22:02 07/08/2022','Thứ 6, 22:02 12/08/2022','2024-06-07 08:26:44','2024-06-07 08:26:44'),('a50139e9-8a83-4d62-9383-d6f02cb8e1de','#602626','Cho thuê căn hộ dịch vụ Hồ Chí Minh','Cho thuê căn hộ dịch vụ','Tất cả','Tin thường','Thứ 4, 16:42 10/08/2022','Thứ 7, 16:42 20/08/2022','2024-06-07 08:26:44','2024-06-07 08:26:44'),('a6e4faf7-d616-4a67-aac0-213d1abc5e76','#276599','Cho thuê căn hộ Hồ Chí Minh','Cho thuê căn hộ','Tất cả','Tin thường','Thứ 4, 15:44 10/08/2022','Thứ 4, 10:08 24/08/2022','2024-06-07 08:36:27','2024-06-07 08:36:27'),('a7431054-61d8-4269-8b48-713f85cd333d','#317622','Cho thuê mặt bằng Hồ Chí Minh','Cho thuê mặt bằng','Tất cả','Tin thường','Thứ 2, 10:21 08/08/2022','Thứ 5, 10:21 18/08/2022','2024-06-07 08:34:32','2024-06-07 08:34:32'),('a8ca21f7-9ed1-4fe7-9aa4-9f70eccacb69','#605694','Cho thuê căn hộ Bình Định','Cho thuê căn hộ','Tất cả','Tin miễn phí','Thứ 4, 16:02 10/08/2022','Thứ 2, 16:02 15/08/2022','2024-06-07 08:26:44','2024-06-07 08:26:44'),('aafc5864-c4bf-4a7e-8c59-7f38990b6f00','#605265','Cho thuê mặt bằng Hồ Chí Minh','Cho thuê mặt bằng','Tất cả','Tin thường','Thứ 2, 10:54 08/08/2022','Thứ 6, 21:23 12/08/2022','2024-06-07 08:34:32','2024-06-07 08:34:32'),('ae44c2ae-9a83-4797-bae7-9c21af931098','#317927','Cho thuê phòng trọ Hồ Chí Minh','Phòng trọ, nhà trọ','Tất cả','Tin VIP 2','Thứ 2, 09:16 08/08/2022','Thứ 2, 09:16 15/08/2022','2024-06-07 08:40:43','2024-06-07 08:40:43'),('b07c7752-672b-4de8-bd0c-17f248fdfa1f','#605639','Cho thuê nhà Hồ Chí Minh','Nhà thuê nguyên căn','Tất cả','Tin thường','Thứ 3, 17:05 09/08/2022','Thứ 6, 17:05 19/08/2022','2024-06-07 08:38:54','2024-06-07 08:38:54'),('b3bf0986-f21b-413e-8a5e-2a5cc263099f','#303794','Cho thuê căn hộ Hồ Chí Minh','Cho thuê căn hộ','Tất cả','Tin thường','Thứ 4, 14:16 10/08/2022','Thứ 7, 14:16 20/08/2022','2024-06-07 08:36:27','2024-06-07 08:36:27'),('b428bd77-a5bf-4059-9b43-b3ac512419cc','#605610','Cho thuê nhà Hồ Chí Minh','Nhà thuê nguyên căn','Tất cả','Tin miễn phí','Thứ 3, 11:36 09/08/2022','Chủ Nhật, 11:36 14/08/2022','2024-06-07 08:38:54','2024-06-07 08:38:54'),('b7a1a118-11af-4c7b-bebd-211ffd520b20','#310631','Cho thuê phòng trọ Hồ Chí Minh','Phòng trọ, nhà trọ','Tất cả','Tin VIP 2','Thứ 7, 21:05 06/08/2022','Thứ 5, 21:05 11/08/2022','2024-06-07 08:40:43','2024-06-07 08:40:43'),('b7de5311-af12-408a-8d02-c7969ff3262f','#605510','Cho thuê mặt bằng Hồ Chí Minh','Cho thuê mặt bằng','Tất cả','Tin thường','Chủ Nhật, 14:08 07/08/2022','Chủ Nhật, 14:08 21/08/2022','2024-06-07 08:34:32','2024-06-07 08:34:32'),('b8ab33f4-1b00-4a75-8430-ccefe963813f','#605018','Cho thuê phòng trọ Hồ Chí Minh','Phòng trọ, nhà trọ','Tất cả','Tin VIP nổi bật','Thứ 3, 08:35 09/08/2022','Chủ Nhật, 08:35 14/08/2022','2024-06-07 08:40:43','2024-06-07 08:40:43'),('bbb8bb59-4878-45e5-af4d-892a6a91e28f','#59783','Cho thuê phòng trọ Hồ Chí Minh','Phòng trọ, nhà trọ','Tất cả','Tin VIP 2','Thứ 6, 11:29 15/07/2022','Chủ Nhật, 11:29 14/08/2022','2024-06-07 08:40:43','2024-06-07 08:40:43'),('bc4ef8e0-658e-45d6-a240-8d36c40e44b0','#605551','Cho thuê phòng trọ Hồ Chí Minh','Phòng trọ, nhà trọ','Tất cả','Tin VIP 1','Thứ 3, 16:28 09/08/2022','Thứ 4, 16:28 17/08/2022','2024-06-07 08:40:43','2024-06-07 08:40:43'),('bd3e546a-ff92-47dc-94f6-7ba6792a93ba','#595850','Cho thuê nhà Hồ Chí Minh','Nhà thuê nguyên căn','Tất cả','Tin VIP 3','Thứ 3, 19:03 09/08/2022','Thứ 3, 19:03 16/08/2022','2024-06-07 08:38:54','2024-06-07 08:38:54'),('be65df68-8d49-4852-97aa-824aaf1c528f','#276599','Cho thuê căn hộ Hồ Chí Minh','Cho thuê căn hộ','Tất cả','Tin thường','Thứ 4, 15:44 10/08/2022','Thứ 4, 10:08 24/08/2022','2024-06-07 08:26:44','2024-06-07 08:26:44'),('c0762ed4-7695-46fc-8b11-624d89f526e9','#58962','Cho thuê phòng trọ Hồ Chí Minh','Phòng trọ, nhà trọ','Tất cả','Tin VIP nổi bật','Thứ 5, 14:47 04/08/2022','Thứ 7, 08:56 13/08/2022','2024-06-07 08:40:43','2024-06-07 08:40:43'),('c0915f91-e321-4cb9-814b-23cd6c24d4d0','#282621','Cho thuê phòng trọ Hồ Chí Minh','Phòng trọ, nhà trọ','Tất cả','Tin VIP 1','Thứ 2, 14:33 08/08/2022','Thứ 7, 14:33 13/08/2022','2024-06-07 08:40:43','2024-06-07 08:40:43'),('c3af6ddf-a23e-4721-9e21-aedc7f6c6eb4','#284965','Cho thuê nhà Hồ Chí Minh','Nhà thuê nguyên căn','Tất cả','Tin VIP 1','Thứ 2, 11:08 08/08/2022','Thứ 7, 11:08 13/08/2022','2024-06-07 08:38:54','2024-06-07 08:38:54'),('c616c992-db62-43d7-8d44-05f9f36961d1','#80204','Cho thuê phòng trọ Hồ Chí Minh','Phòng trọ, nhà trọ','Tất cả','Tin VIP 1','Chủ Nhật, 17:41 24/07/2022','Thứ 3, 17:41 23/08/2022','2024-06-07 08:40:43','2024-06-07 08:40:43'),('c6767a0b-82d4-4011-a254-0cca5b895718','#605337','Cho thuê mặt bằng Hồ Chí Minh','Cho thuê mặt bằng','Tất cả','Tin thường','Thứ 4, 10:39 10/08/2022','Thứ 7, 20:49 13/08/2022','2024-06-07 08:34:32','2024-06-07 08:34:32'),('c8074167-936a-46e1-91fa-d7e61f3ffa09','#283266','Cho thuê nhà Hồ Chí Minh','Nhà thuê nguyên căn','Tất cả','Tin thường','Thứ 4, 15:44 10/08/2022','Thứ 3, 19:38 23/08/2022','2024-06-07 08:38:54','2024-06-07 08:38:54'),('c82c5da2-b72d-4054-b685-38ae56704f8d','#605603','Cho thuê nhà Hà Nội','Nhà thuê nguyên căn','Tất cả','Tin thường','Thứ 3, 10:04 09/08/2022','Thứ 6, 10:04 19/08/2022','2024-06-07 08:38:54','2024-06-07 08:38:54'),('ca62b6a2-1154-48eb-b9cd-c8323d86f04c','#605629','Cho thuê mặt bằng Hồ Chí Minh','Cho thuê mặt bằng','Tất cả','Tin miễn phí','Thứ 4, 08:06 10/08/2022','Thứ 2, 08:06 15/08/2022','2024-06-07 08:34:32','2024-06-07 08:34:32'),('cce51363-1d0f-4a85-8afd-6cdd514a3852','#604250','Cho thuê căn hộ Hồ Chí Minh','Cho thuê căn hộ','Nam','Tin VIP nổi bật','Thứ 3, 11:11 09/08/2022','Chủ Nhật, 11:11 14/08/2022','2024-06-07 08:26:44','2024-06-07 08:26:44'),('ce1e2f60-a8d4-4f28-8ab7-4bff7f444943','#603516','Cho thuê phòng trọ Hồ Chí Minh','Phòng trọ, nhà trọ','Tất cả','Tin VIP nổi bật','Thứ 4, 09:54 10/08/2022','Thứ 4, 09:54 17/08/2022','2024-06-07 08:40:43','2024-06-07 08:40:43'),('cea4d3b0-653e-4803-976b-52926521b95b','#311800','Cho thuê phòng trọ Hồ Chí Minh','Phòng trọ, nhà trọ','Tất cả','Tin VIP 1','Thứ 2, 08:03 08/08/2022','Thứ 7, 08:03 13/08/2022','2024-06-07 08:40:43','2024-06-07 08:40:43'),('d2327cee-2448-403b-a5e3-e1fdaced4b02','#602889','Cho thuê mặt bằng Hồ Chí Minh','Cho thuê mặt bằng','Tất cả','Tin thường','Thứ 4, 15:44 10/08/2022','Thứ 4, 13:44 17/08/2022','2024-06-07 08:34:32','2024-06-07 08:34:32'),('d2f3966a-fc77-4914-9d0c-fbaeefc689c3','#605694','Cho thuê căn hộ Bình Định','Cho thuê căn hộ','Tất cả','Tin miễn phí','Thứ 4, 16:02 10/08/2022','Thứ 2, 16:02 15/08/2022','2024-06-07 08:36:27','2024-06-07 08:36:27'),('d56f1a7b-5045-46ac-bf13-6c3a867e42e0','#604998','Cho thuê nhà Bình Dương','Nhà thuê nguyên căn','Tất cả','Tin VIP 3','Thứ 5, 09:41 28/07/2022','Thứ 6, 09:41 12/08/2022','2024-06-07 08:38:54','2024-06-07 08:38:54'),('d75a22d7-2726-4913-a867-19f5fa7785a8','#605693','Cho thuê căn hộ mini Hồ Chí Minh','Cho thuê căn hộ mini','Tất cả','Tin thường','Thứ 4, 15:52 10/08/2022','Thứ 7, 15:52 20/08/2022','2024-06-07 08:36:27','2024-06-07 08:36:27'),('d9e39f3b-dbb6-4636-94de-c96d7901a7e7','#605309','Cho thuê mặt bằng Hà Nội','Cho thuê mặt bằng','Tất cả','Tin thường','Thứ 4, 15:13 03/08/2022','Thứ 7, 15:13 13/08/2022','2024-06-07 08:34:32','2024-06-07 08:34:32'),('da911391-8430-4dbf-a93d-182367a86855','#604250','Cho thuê căn hộ Hồ Chí Minh','Cho thuê căn hộ','Nam','Tin VIP nổi bật','Thứ 3, 11:11 09/08/2022','Chủ Nhật, 11:11 14/08/2022','2024-06-07 08:36:27','2024-06-07 08:36:27'),('db772925-05ac-44c2-90fd-049181f912f1','#294491','Cho thuê phòng trọ Hồ Chí Minh','Phòng trọ, nhà trọ','Tất cả','Tin VIP 1','Thứ 2, 08:02 08/08/2022','Thứ 4, 08:02 07/09/2022','2024-06-07 08:40:43','2024-06-07 08:40:43'),('ddaf672f-01af-4d08-bf60-b64085e71e36','#605655','Cho thuê căn hộ dịch vụ Hồ Chí Minh','Cho thuê căn hộ dịch vụ','Tất cả','Tin VIP 3','Thứ 4, 00:44 10/08/2022','Thứ 2, 00:44 15/08/2022','2024-06-07 08:26:44','2024-06-07 08:26:44'),('e1870eec-9426-4344-ba43-74abf6eb4802','#605488','Cho thuê căn hộ mini Hồ Chí Minh','Cho thuê căn hộ mini','Tất cả','Tin thường','Thứ 4, 14:26 10/08/2022','Thứ 3, 16:25 16/08/2022','2024-06-07 08:36:27','2024-06-07 08:36:27'),('e7569aa3-1283-49e3-9fb2-c9111a66e4b1','#605621','Cho thuê nhà Hồ Chí Minh','Nhà thuê nguyên căn','Tất cả','Tin miễn phí','Thứ 3, 13:32 09/08/2022','Chủ Nhật, 13:32 14/08/2022','2024-06-07 08:38:54','2024-06-07 08:38:54'),('e9fe7c67-d5fe-4410-85ba-53a22cb7be8d','#66857','Cho thuê phòng trọ Hồ Chí Minh','Phòng trọ, nhà trọ','Tất cả','Tin VIP 3','Thứ 4, 16:43 10/08/2022','Thứ 2, 16:43 15/08/2022','2024-06-07 08:40:44','2024-06-07 08:40:44'),('ec88f0ab-6482-434d-bf34-baf65d7393d1','#605576','Cho thuê nhà Hồ Chí Minh','Nhà thuê nguyên căn','Tất cả','Tin thường','Thứ 2, 18:52 08/08/2022','Thứ 2, 18:52 22/08/2022','2024-06-07 08:38:54','2024-06-07 08:38:54'),('edab3b0b-567f-4137-9cf6-afbb681d129d','#605467','Cho thuê căn hộ mini Hồ Chí Minh','Cho thuê căn hộ mini','Tất cả','Tin thường','Thứ 4, 16:51 10/08/2022','Thứ 3, 09:50 16/08/2022','2024-06-07 08:36:27','2024-06-07 08:36:27'),('edea2391-5cad-4afe-82a7-5b84745ff972','#599644','Cho thuê căn hộ dịch vụ Hồ Chí Minh','Cho thuê căn hộ dịch vụ','Tất cả','Tin VIP 3','Thứ 4, 10:05 10/08/2022','Thứ 4, 10:05 17/08/2022','2024-06-07 08:36:27','2024-06-07 08:36:27'),('f046e0fe-a25c-4fa4-82a3-5229381a9791','#605565','Cho thuê mặt bằng Hồ Chí Minh','Cho thuê mặt bằng','Tất cả','Tin thường','Thứ 2, 16:41 08/08/2022','Thứ 5, 16:41 18/08/2022','2024-06-07 08:34:32','2024-06-07 08:34:32'),('f136a288-a009-444d-8b92-2f74e8b8c42d','#605575','Cho thuê nhà Hồ Chí Minh','Nhà thuê nguyên căn','Tất cả','Tin thường','Thứ 2, 18:49 08/08/2022','Thứ 2, 18:49 22/08/2022','2024-06-07 08:38:54','2024-06-07 08:38:54'),('f2ffbf34-42b3-4174-915b-52b0c181f23b','#296453','Cho thuê căn hộ Hồ Chí Minh','Cho thuê căn hộ','Tất cả','Tin VIP 2','Thứ 3, 10:06 09/08/2022','Thứ 3, 10:06 16/08/2022','2024-06-07 08:26:44','2024-06-07 08:26:44'),('f4814490-1cc8-496e-b5a6-d9d886e0c284','#605017','Cho thuê phòng trọ Hồ Chí Minh','Phòng trọ, nhà trọ','Tất cả','Tin VIP 1','Thứ 3, 08:33 09/08/2022','Thứ 3, 08:33 16/08/2022','2024-06-07 08:40:43','2024-06-07 08:40:43'),('f5177f8a-466c-4e89-b280-96b6fb33677d','#605646','Cho thuê căn hộ dịch vụ Hồ Chí Minh','Cho thuê căn hộ dịch vụ','Tất cả','Tin VIP 3','Thứ 3, 20:40 09/08/2022','Chủ Nhật, 20:40 14/08/2022','2024-06-07 08:36:27','2024-06-07 08:36:27'),('f6b5cc36-330b-473c-9209-539db5c93c20','#605585','Cho thuê nhà Hồ Chí Minh','Nhà thuê nguyên căn','Tất cả','Tin thường','Thứ 2, 20:46 08/08/2022','Thứ 5, 20:46 18/08/2022','2024-06-07 08:38:55','2024-06-07 08:38:55'),('f7f64c21-1023-4cbd-832f-92e2476a5ae2','#605646','Cho thuê căn hộ dịch vụ Hồ Chí Minh','Cho thuê căn hộ dịch vụ','Tất cả','Tin VIP 3','Thứ 3, 20:40 09/08/2022','Chủ Nhật, 20:40 14/08/2022','2024-06-07 08:26:44','2024-06-07 08:26:44'),('ff7c0c8d-4316-47f5-babc-b3ef7c83dca8','#594264','Cho thuê căn hộ Hồ Chí Minh','Cho thuê căn hộ','Tất cả','Tin thường','Thứ 4, 14:08 10/08/2022','Thứ 7, 14:08 20/08/2022','2024-06-07 08:26:45','2024-06-07 08:26:45');
/*!40000 ALTER TABLE `overviews` ENABLE KEYS */;
UNLOCK TABLES;

--
-- Table structure for table `posts`
--

DROP TABLE IF EXISTS `posts`;
/*!40101 SET @saved_cs_client     = @@character_set_client */;
/*!50503 SET character_set_client = utf8mb4 */;
CREATE TABLE `posts` (
  `id` varchar(255) NOT NULL,
  `title` varchar(255) DEFAULT NULL,
  `star` varchar(255) DEFAULT '0',
  `labelCode` varchar(255) DEFAULT NULL,
  `address` varchar(255) DEFAULT NULL,
  `attributesId` varchar(255) DEFAULT NULL,
  `categoryCode` varchar(255) DEFAULT NULL,
  `description` text,
  `userId` varchar(255) DEFAULT NULL,
  `overviewId` varchar(255) DEFAULT NULL,
  `imagesId` varchar(255) DEFAULT NULL,
  `createdAt` datetime NOT NULL,
  `updatedAt` datetime NOT NULL,
  PRIMARY KEY (`id`)
) ENGINE=InnoDB DEFAULT CHARSET=utf8mb4 COLLATE=utf8mb4_0900_ai_ci;
/*!40101 SET character_set_client = @saved_cs_client */;

--
-- Dumping data for table `posts`
--

LOCK TABLES `posts` WRITE;
/*!40000 ALTER TABLE `posts` DISABLE KEYS */;
INSERT INTO `posts` VALUES ('04c9963f-c54f-4903-bc52-07d622c96bde','Cho thuê Căn hộ view sông SG nằm trong khu biệt thự Bình Lợi','2','CNNA','Địa chỉ: Đường Bình Lợi, Phường 13, Quận Bình Thạnh, Hồ Chí Minh','ad9d2c69-37b5-49d5-8e0e-6e1f49dc9975','CTCH','[\"CĂN HỘ NẰM TRONG KHU BIỆT THỰ BÌNH LỢI GIÁ CỰC HẤP DẪN\",\"Vị trí: Binh Lợi, Phường 13, Bình Thạnh\",\"Căn hộ view sông đón gió trời cực kỳ thoáng mát\",\"Mới Xây 100%\",\"Diện tích từ 30-60m2\",\"Có hầm xe rộng\",\"Thang máy hiện đại\",\"View sông Sài Gòn cực chill\",\"Giá hấp dẫn cho một căn hộ khu biệt thự chỉ từ 8tr8, 9tr3, 9tr8, 10tr, 10tr5, 11tr\"]','c744699d-3c87-4d80-bd95-fad2c9991b1b','3afd993d-dfd3-40b9-ad5a-68e2a0ae67a7','9c7041d8-c4bd-421c-a25f-b964fa67391b','2024-06-07 08:26:44','2024-06-07 08:26:44'),('069f32e0-2eb3-4f75-9f59-c0078f8e6b3f','Căn hộ mới xây chưa qua sử dụng, ngay Hoàng Hoa Thám, Bình Thạnh bạn hãy người đầu tiên sở hữu, (phòng như hình 1000%)','0','CNNA','Địa chỉ: Đường Hoàng Hoa Thám, Phường 7, Quận Bình Thạnh, Hồ Chí Minh','2bd6c73a-63e1-4a7a-b86b-0f23112b94db','CTCH','[\"ĐỪNG VỘI BỎ QUA CĂN HỘ XINH LUNG LINH NÀY , BẠN SẼ TIẾC ĐẤY!\",\"Căn hộ mới xây chưa qua sử dụng, bạn hãy người đầu tiên sở hữu, (phòng như hình 1000%)\",\"56D Lê Trực, phường 7, quận Bình Thạnh\",\"- Phòng thiết kế theo phong cách hiện đại, trẻ trung\",\"-️ Full nội thất không thiếu thứ gì, chỉ cần xách balo vô ở\",\"- Ban công siêu đẹp, thoáng mát, hầm gửi xe ngay bên dưới nhà, cửa cuốn, camera an ninh, thang máy hiện đại\",\"- ️Nội thất gồm : giường, nệm, chăn, ra, gối, tủ áo lớn, tủ lạnh lớn, bộ bàn ghế sofa, kệ bếp, máy lạnh, máy nước nóng..\",\"Điện 4k/kw\",\"Nước 100k/ người\",\"wifi, giữ xe, dọn vệ sinh, hỗ trợ kĩ thuật free\",\"=>>>>Gọi cho mình ngay bạn nhé:\",\"0933598239\",\"(vui lòng gọi hoặc inbox trước giúp mình)\"]','674809df-6781-4163-833a-a3854437d0c2','b3bf0986-f21b-413e-8a5e-2a5cc263099f','715b76ae-abad-48b4-9bf7-35f3ed7dc087','2024-06-07 08:36:27','2024-06-07 08:36:27'),('08045da8-13a6-4224-b0cd-26f5c3a3e972','Nhà 5x20 , 1 lâu , Mới xây - 2 phòng - 16 triệu','0','CNEH','Địa chỉ: Đường số 25, Phường Bình An, Quận 2, Hồ Chí Minh','d3549fcc-3055-4270-afd0-abdb9bbdcba6','NCT','[\"NHÀ MỚI - ĐƯỜNG XE HƠI - 1 GÁC GIÁ 16 TRIỆU\",\"CÁCH ĐƯỜNG TRẦN NÃO 100M\",\"THÍCH HỢP LÀM VĂN PHÒNG + Ở\",\"GIÁ 16 TRIỆU\",\"VỊ TRÍ GẦN ĐƯỜNG TRẦN NÃO\",\"0909386167\"]','5c026695-d07b-4e16-947c-5c3fa76d7925','ec88f0ab-6482-434d-bf34-baf65d7393d1','927f1c22-373a-4eae-9169-7759d13bb642','2024-06-07 08:38:53','2024-06-07 08:38:53'),('092b0d9f-1d96-4874-8b78-53a53810c0a4','Phòng trọ mới, sạch đẹp, ngay trung tâm, giá rẻ, chính chủ.','4','CUH0','Địa chỉ: 358/4 Đường Điện Biên Phủ, Phường 11, Quận 10, Hồ Chí Minh','c72ab2a3-8d45-4451-9f2d-63358eb49f07','CHPT','[\"Cho thuê phòng trọ, lầu đúc, sạch đẹp,có sân thượng, ngay trung tâm, đối diện bệnh viện Bình Dân, gần trường học, chợ Vườn Chuối, thuận tiện đi lại cho người đi làm, đi học.Có wifi, truyền hình cáp, nước lạnh, nước nóng năng lượng mặt trời, nhà vệ sinh trong phòng, có chỗ để xe trong nhà không tốn phí( mỗi người một chiếc xe không tốn tiền gửi xe ), an toàn.\",\"Khu vực yên tĩnh, an ninh.\",\"Đồng hồ điện, nước riêng.Có thể ở 1 hoặc 2 người.\",\"-Phòng 24m2 có cửa sổ, giá 3.500.000đ/phòng/tháng ( ở 1 hoặc 2 người).\",\"PHÒNG TRỐNG-DỌN VÀO Ở NGAY.\",\"Liên hệ cô Bích Thủy : 0983.344.682\",\"Xem phòng tại 358/4 Điện Biên Phủ P11 Q10 (Khi đến xem phòng xin gọi điện trước).\"]','5621f906-d555-4023-9d0d-f530eb94e32e','c0915f91-e321-4cb9-814b-23cd6c24d4d0','ebf869f6-c079-4200-b746-438f26219ad8','2024-06-07 08:40:43','2024-06-07 08:40:43'),('0bda723e-2010-49db-9964-b264d19f2ff6','Cho thuê biệt thự rộng rãi thoáng mát','0','CNEH','Địa chỉ: Võ Văn Hát, Phường Long Trường, Quận 9, Hồ Chí Minh','ad6dee53-f855-4525-bd99-a29e3068f05f','NCT','[\"Nhà biệt thự nguyên căn tầng lầu 2, gồm 3 phòng ngủ, phòng khách, phòng ăn, 3wc, có lối để xe máy, xe ô tô riêng dưới trệt, ko thu phí xe\"]','5c4b0de2-cff5-470b-9d27-293024fecdef','b428bd77-a5bf-4059-9b43-b3ac512419cc','af423b86-2017-4a08-8056-2a7e2975b63e','2024-06-07 08:38:53','2024-06-07 08:38:53'),('0d2a537d-f1f1-4286-bb68-d5b82a8157e0','PHÒNG KTX ĐẠI HỌC CÔNG NGHIỆP (200M) THANG MÁY, MÁY LẠNH, MÁY GIẶT, WIFI, BẾP','5','CAHV','Địa chỉ: 60/18A Đường Huỳnh Khương An, Phường 5, Quận Gò Vấp, Hồ Chí Minh','951ea76c-6f22-4b84-9910-c958eb39c0bf','CHPT','[\"Be Home ký túc xá đáng sống.\",\"Ngay cổng 4 đại học Công Nghiệp TP. HCM - 200m. Đi bộ 3P.\",\"Giờ giấc tự do.\",\"Ưu đãi giá 900k/tháng đầu tiên cho 20 bạn đăng kí sớm nhất.\",\"Địa chỉ: 60/18A Huỳnh Khương An, Phường 5, Quận Gò Vấp, TP. HCM.\",\"Không gian rộng, có cửa sổ.\",\"Trang bị giường, nệm và drap mới.\",\"Máy lạnh.\",\"Nhà vệ sinh riêng.\",\"Có bếp nấu ăn riêng trong phòng.\",\"Hệ thống wifi công nghiệp mạnh mẽ, ổn định.\",\"Trang bị máy giặt và nơi phơi đồ.\",\"Không gian đảm bảo luôn được vệ sinh sạch sẽ.\",\"Thang máy tiện lên xuống, camera an ninh, bảo vệ 24/7.\",\"Khu tập thể dục thể thao rộng rãi.\",\"Đảm bảo điều kiện sống cho bạn một cách tốt nhất.\",\"Phòng 6 giường.\",\"Giá: 1tr3/người phòng thường.\",\"1tr5/người phòng máy lạnh.\",\"Liên hệ: 0896.119.779 (Zalo + SDT)\"]','5d911ac7-939d-407e-9335-8916bdf4e2e8','b8ab33f4-1b00-4a75-8430-ccefe963813f','d388e0d7-7cef-4997-b886-96200f7340ff','2024-06-07 08:40:43','2024-06-07 08:40:43'),('0d3e63bc-91b1-45b1-b852-224182269b4d','Mặt Bằng – Văn Phòng cho thuê, mặt tiền căn góc đường xe hơi Trương Công Định, Phường 14, Tân Bình, 8x14m','0','CTTI','Địa chỉ: 62/1A Đường Trương Công Định, Phường 14, Quận Tân Bình, Hồ Chí Minh','c13d7a5b-80cf-46fa-a1be-91ff3b0134b2','CTMB','[\"+ Cho thuê Mặt Bằng – Văn Phòng đẹp và sang trọng mặt tiền tầng trệt Căn góc khu phân lô Bàu Cát, Phường 14, Quận Tân Bình.\",\"Địa chỉ: 62/1A-B Trương Công Định, Phường 14, Quận Tân Bình, TP.HCM.\",\"+ Diện tích: 8 x 14m .\",\"+ Tiện ích: Bề ngang lớn 8m được t hiết kế hiện đại, riêng biệt với cửa cuốn và cửa kính cường lực rất đẹp, mặt bằng đã tách làm 2 văn phòng lớn và thiết kế sang trọng, có sân để xe có mái che và WC riêng.\",\"+ Vị trí tuyệt vời: Toạ Lạc Khu Phân Lô Bàu Cát, Đối diện khu cao ốc chung Cư The HARMONA Trương Công Định Gần ngã ba Trường Chinh – Trương Công Định, Quận Tân Bình, , Sát ETOWN cộng hòa, Bệnh Viện Mỹ Đức, chợ Võ Thành Trang (Bà Quẹo), gần nhiều tòa cao ốc văn phòng, công ty, và nhiều trường đại học ….\",\"+ Nhà nằm ngay vị trí Góc đường Xe Hơi trong khu dân cư sầm uất, rất đông người qua lại, ở và làm việc.\",\"+ Là nơi lý tưởng để kinh doanh mọi ngành nghề: kinh doanh online, quán café, cơm văn phòng, ở và mở văn phòng đại diện, văn phòng công ty làm việc …\",\"Giá rất hợp lý: 16 triệu/tháng. (Giá giảm sâu và không tăng giá sau dịch).\",\"Từ Khóa: Văn phòng cho thuê hcm, văn phòng cho thuê quận Tân Bình, cho thuê văn phòng khu bàu cát. Cho thuê mặt bằng hcm, mặt bằng cho thuê hcm, cho thuê mặt bằng quận Tân Bình, Cho thuê mặt bằng Trương Công Định, mặt bằng cho thuê tân bình, mặt bằng cho thuê quận tân bình, cho thue mat bang hcm, mat bang cho thue hcm, mat bang cho thue tan binh …\"]','6392829c-2633-462c-b840-16ca411aee70','d2327cee-2448-403b-a5e3-e1fdaced4b02','faa6237f-db73-4b80-a55f-ffed6d889f10','2024-06-07 08:34:32','2024-06-07 08:34:32'),('0eaad365-1b89-4b33-82e5-c825ee8c2784','Căn Hộ Đầy Đủ Nội Thất Cao Cấp - Thoáng Mát - Ngay Công Viên Phần Mềm Quang Trung','0','CUAN','Địa chỉ: Đường Tô Ký, Phường Trung Mỹ Tây, Quận 12, Hồ Chí Minh','b88d56c5-4669-41ff-8342-b20732aeea20','CTCH','[\"CHO THUÊ CĂN HỘ DỊCH VỤ FULL NỘI THẤT CAO CẤP TẠI QUẬN 12\",\"Trung Mỹ Tây 14A, phường Trung Mỹ Tây, quận 12\",\"5.000.000 - 5.500.000 (studio full nội thất)\",\"Nội thất bao gồm: tủ lạnh, bàn ghế, giường nệm, tivi, kệ bếp tủ bếp, tủ quần áo, máy giặt riêng, máy lạnh, bếp từ đơn/đôi (tùy phòng)\",\"Vị trí:\",\"- Gần bến xe An Sương, siêu thị, khu ăn uống, gần chợ\",\"- Hẻm thông các đường lớn, có nhiều toà nhà sát bên\",\"- Khu nhân viên văn phòng, sinh viên rất yên tĩnh, thoải mái.\",\"Căn hộ rộng, đẹp, mới, sang trọng, thông thoáng, đầy đủ tiện nghi, có các phòng ngủ bên trọng cực thoải mái.\",\"Có thang máy, wifi riêng từng phòng, nước nóng lạnh\",\"Hầm xe có bảo vệ trông coi 24/7\",\"Giờ giấc tự do, chìa khóa riêng và có thẻ từ, không chung chủ.\",\"Chi phí khác:\",\"Điện: 4000đ/kwh\",\"Nước: 100k/người\",\"Xe: 100k/xe\",\"Phí dịch vụ: 170k/phòng\",\"Liên hệ Trang: 0707.142.793 (call/zalo) để được tư vấn và hỗ trợ xem phòng trực tiếp\"]','dc337dde-ab80-41e3-a923-1e54ec844a62','a50139e9-8a83-4d62-9383-d6f02cb8e1de','f312e7b6-e8e0-4dd1-a20d-130615e3cf5f','2024-06-07 08:26:44','2024-06-07 08:26:44'),('100e43a3-04d0-4e47-813b-6979fc8d4886','Cho thuê MB siêu rộng, mới 100% - 75m2 - hẻm trước nhà rộng 5m - chỉ 16tr/tháng','0','CITH','Địa chỉ: Đống Đa, Phường 2, Quận Bình Thạnh, Hồ Chí Minh','7f6b3b19-240e-4d8e-b417-640bd415a94a','CTMB','[\"Cô Thảo cho thuê Mặt bằng mặt tiền Đống Đa diện tích khủng\",\"Giá: 16tr/tháng\",\"Mặt bằng trệt rộng 75m2, cho thuê nguyên sàn\",\"Có hầm và cho ở lại.\",\"Đa tiện ích, tiện làm văn phòng, ở, kinh doanh buôn bán,..\",\"Ngang 8.5m, dài 8.9\",\"Lh: 0822141489 - Quốc - ( Quản lý tỏa nhà )\"]','6fbb58de-6ba6-4df2-b5f8-96023dce867b','aafc5864-c4bf-4a7e-8c59-7f38990b6f00','f920ee66-6f93-4e00-bf9d-ae64ac38c3c4','2024-06-07 08:34:32','2024-06-07 08:34:32'),('11d07303-b6c4-4485-af7a-8ef62f0ab6f0','Phòng Tâng lửng Tân Bình full nội thất gia siêu rẻ','0','CNNB','Địa chỉ: Đường Tân Hải, Phường 13, Quận Tân Bình, Hồ Chí Minh','05589171-07e6-45c4-8b3f-f2cd79b136ec','CTCH','[\"Thiết kế: phòng có máy lạnh, cửa sổ mở ra giếng trời, nhà vệ sinh trong phòng, thoáng mát\",\"Nội thất: Máy lạnh, tủ lạnh, tủ áo, giường, nệm, bàn ghế, tủ bếp có bồn rửa\",\"Máy giặt dùng chung và phơi đồ trên sân thượng\",\"Không chung chủ, giờ giấc tự do, giữ xe trong nhà\",\"Điện: 4000hwh\",\"Nước : 100/ người\",\"Phí dịch vụ: 150k/ phòng\"]','4f55c4c5-22b3-4465-b77e-01735e7c0ba5','d75a22d7-2726-4913-a867-19f5fa7785a8','4b7e6622-b00b-43e9-be6f-7fcfc7f6580d','2024-06-07 08:36:27','2024-06-07 08:36:27'),('1389cb50-8b8b-4dc3-b142-451905a55b54','Cho Thuê CHDV An Ninh Cao Có quản lí trực cả ngày','2','CNHT','Địa chỉ: 702 Đường Xô Viết Nghệ Tĩnh, Phường 25, Quận Bình Thạnh, Hồ Chí Minh','ddba8fdf-62ac-4db5-8c0a-d9da6361ce97','CTCH','[\"Địa chỉ: 702 xvnt - p25- Bình Thạnh\",\"Giá:3tr5\",\"- Phòng trống ( có máy lạnh) , giới hạn giờ (12h) nếu về quá giờ gọi qli\",\"- Cọc 1\",\"Phí khác:\",\"- Điện 3k5, nước 100k/ người , xe số 100k/c tay ga 200k/C, dịch vụ: 130k\",\"Lh: 0937475715 hoặc ib zalo để được tư vấn hỗ trợ xem phòng trực tiếp\"]','f85263ce-a0f3-4795-b95d-0aa85466d139','f7f64c21-1023-4cbd-832f-92e2476a5ae2','f497acba-c064-42a6-b259-581c791221ce','2024-06-07 08:26:44','2024-06-07 08:26:44'),('13c873c4-a8da-4fb9-b8f2-20dc6df1f41a','CHO THUÊ MBKD PHỐ ĐẠI LINH, MỄ TRÌ, TỐ HỮU','0','CATL','Địa chỉ: 50 Đại Linh, Phường Trung Văn, Quận Nam Từ Liêm, Hà Nội','37b4ae01-63b2-4395-a449-535940f2af1b','CTMB','[\"MBKD 54 Phố Đại Linh Trung Văn Nam Từ Liêm Hà Nội\",\"Vị Trí: Gần Big C Thăng Long, Trung Tâm Hội Nghị Quốc Gia, Mĩ Trì, Tố Hữu, Trung Văn\",\"Diện Tích:30m2\"]','849e3220-b56b-4791-a694-056382c2120b','0b5f0170-f339-4aed-9dd7-923f499d4a8b','9613300f-4842-4c82-a021-a15243492636','2024-06-07 08:34:32','2024-06-07 08:34:32'),('14d8e06c-0427-488c-a7c3-2d67fe4b077e','PHÒNG SLEEPBOX RIÊNG TƯ ĐẦY ĐỦ TIỆN NGHI RIÊNG TƯ AN NINH 24/24','5','CNOI','Địa chỉ: 50 Đường Phạm Cự Lượng, Phường 2, Quận Tân Bình, Hồ Chí Minh','42591a0e-2454-4f67-a0d7-25d907e558bb','CHPT','[\"Sleepbox đầy đủ tiện nghi riêng tư an ninh 24/24.\",\"KTX sleepbox cao cấp ngay Phổ Quang (50 Phạm Cự Lượng)\",\"Xách vali vào ở ngay.\",\"Vị Trí Trung Tâm Quận tân Bình\",\"Ngay bệnh viện Tâm Anh\",\"Ưu đãi tháng đầu chỉ còn 1.400.000đ cho 10 bạn đăng kí sớm nhất\",\"Giá bình thường các tháng 1tr6/tháng/người (Bao chi phí điện nước, wifi, máy lạnh, nước uống, rác, ).\",\"Vị trí đẹp thuận lợi:\",\"- Thuận tiện di chuyển sân bay, Cộng Hòa, Hoàng Hoa Thám, Ngã Tư Phú Nhuận, Quận 1, Quận 11, Quaanj 10...\",\"Phòng được trang bị sẵn đầy đủ tiện ích:\",\"- Giường riêng biệt, nệm cao su + drap.\",\"- Tủ quần áo, tủ đồ riêng.\",\"- Đèn học, ổ cắm điện.\",\"- WC riêng, sạch sẽ.\",\"- Khu vực bếp nấu ăn chung (Đầy đủ dụng cụ - lò vi sóng - bếp - xoong nồi... ).\",\"- Nước uống I - On miễn phí\",\"- Wifi siêu tốc.\",\"- Ra vào cửa vân tay.\",\"- Bảo vệ, quản lý 24/7.\",\"- Dọn vệ sinh hằng ngày\",\"- Thang máy, máy giặt, nơi phơi đồ riêng.\",\"- Hệ thống camera an ninh.\",\"- Chỗ sinh hoạt luôn được vệ sinh sạch sẽ.\",\"Địa chỉ: Cs1: 50 Phạm Cự Lượng, Phường 2, Tân Bình\",\"CS2: 69/38/11 Nguyễn Gia Trí, P. 25, Bình Thạnh..\",\"CS3: 60/18A Huỳnh Khương An, Phường 5, Gò Vấp.\",\"Liên Hệ: 0896.119.779 ( Zalo + SDT )\"]','05274f26-e0a8-468f-aaed-c70696a06525','83dfba57-ea1b-49b3-bb96-d09e7bd46a59','4ebb072b-de2f-4935-8c4a-f145c767afa8','2024-06-07 08:40:43','2024-06-07 08:40:43'),('15e1bcba-8af3-46bb-9842-4d25b59b8501','Phòng 2 triệu tại q7, phòng mới, yên tĩnh, phòng riêng biệt, giờ giấc tự do','3','CQP7','Địa chỉ: Phường Phú Mỹ, Quận 7, Hồ Chí Minh','9a145bba-c4b9-4186-a066-d6db0ceff151','CHPT','[\"Phòng trọ giá bình dân tại Q7\",\"▪︎ phòng 1tr6 không có gác ( có giường)\",\"▪︎ phòng 1tr9 có gác\",\"▪︎ phòng 2tr có gác, có ban công\",\"Địa chỉ: hẻm 77/49A đường chuyên dùng 9, phú mỹ q7, tphcm, ( gần siêu thị Coopmart)\",\"Phòng có vệ sinh và nấu ăn riêng biệt, không chung chủ\",\"phòng theo thiết kế cầu thang dễ đi, phòng nhỏ xinh, sạch sẽ, an ninh, phòng đã gắn 1 số thiết bị cần sử dụng như: gương, chỗ để bàn chài đánh răng, móc, có chỗ nấu ăn, kệ chén...\",\"điện 3/kg, nước 20khoi, rác 20k, wifi miễn phí, nhà xe có bảo vệ trông nom\",\"- Giờ giấc tự do\",\"- Điện thoại: 0909634270 Kim Cúc\",\"- Lưu ý: phòng chỗ mình k nuôi thú cưng, k kéo bạn bè về ăn nhậu hát hò.\",\"Cọc 1 tháng\"]','2c8f20ef-3988-449f-b7b0-2e8e141df456','b7a1a118-11af-4c7b-bebd-211ffd520b20','a7868497-ef32-45d2-8edf-cdc9095d141f','2024-06-07 08:40:43','2024-06-07 08:40:43'),('1970e101-df5d-4fd6-92f9-2862f4575e57','Phòng FULL Nội Thất cao cấp Ngay Sân bay TSN, Rộng rãi, An ninh, GIá rẻ','2','CAHB','Địa chỉ: 2/26 Đường Bạch Đằng, Phường 2, Quận Tân Bình, Hồ Chí Minh','ec3b4000-f086-4033-b1d2-f08658a6378e','CTCH','[\"Phòng cao cấp full nội thất, sang trọng phù hợp với người đi làm, cặp vợ chồng son.\",\"Ngay Gần Sân Bay Tân Sơn Nhất, Công viên Gia định,…\",\"Liên hệ NGAY để xem phòng: 0931610338\",\"Nội thất: - Một giường lớn, 1 tủ đồ, 1 tủ lạnh, máy lạnh, tivi, 1 bộ bàn ghế, bếp,...\",\"Phòng thật như hình\",\"Tiện nghi hàng đầu:\",\"+ Cửa bảo mật vân tay và mật khẩu An ninh\",\"+ Wifi internet đầy đủ\",\"+ Free xe\",\"+ Có nhà vệ sinh riêng,...\",\"+ Giờ tự do,\",\"+ Phòng trên lầu nên đi thang bộ, phù hợp với người muốn nâng cao sức khỏe, thích rèn luyện thể lực\",\"+ Không phù hợp với người không thích đi thang bộ\",\"Giá thuê: 4tr5\",\"Địa chỉ: 2/26 Bạch đằng, quận Tân Bình, Tp.HCM – Ngay Gần Sân Bay Tân Sơn Nhất, Công viên Gia định,…\",\"Liên hệ NGAY để xem phòng: 0931610338\"]','3c639ade-5de6-4207-a0de-dbbad353adb1','edea2391-5cad-4afe-82a7-5b84745ff972','f868fb23-1455-46b6-8942-4584ea2048e9','2024-06-07 08:36:27','2024-06-07 08:36:27'),('21c339c8-fce1-48b0-9a9f-5be3626ff62c','Khai Trương Từng Bừng CHDV Mới','2','CUNN','Địa chỉ: Nguyễn Văn Săng, Phường Tân Sơn Nhì, Quận Tân Phú, Hồ Chí Minh','dfe1dcb5-373b-4401-9569-46d4d802f1fe','CTCH','[\"* Tưng Bừng Khai Trương CHDV Mới *\",\"- Địa Chỉ: Nguyễn Văn Săng, Phường Tân Sơn Nhì, Phú Nhuận\",\"- Thích hợp ở gia đình, Kinh doanh onl,...\",\"- Phòng có ban công lớn, và cửa sổ thoáng mát\",\"- 3 loại phòng studio, 1pn1pk , 2pn 1pk\",\"- Giá : 2pn ban công ngoài , -8tr\",\"2pn ban công trong 7tr5\",\"1pn ban công ngoài 6tr5\",\"1pn ban công trong 6tr\",\"- Có 1 máy lạnh, thêm ml thêm 500k\",\"Lh/Zalo: 0937475715 hoặc ib để được tư vấn hỗ trợ xem phòng trực tiếp\"]','1b1c388b-f308-40d4-9b72-d96abbc0a11f','95ce3231-5b88-4f37-85e2-6274ce60de93','ba5f0568-d056-445a-a98d-6b15ec81568a','2024-06-07 08:36:27','2024-06-07 08:36:27'),('23e37d72-905c-4458-82b1-04711dfde79d','Khai Trương Sàn Làm Văn Phòng Mặt Tiền Trần Quang Khải Gần Cầu Bông','0','CUM1','Địa chỉ: Đường Trần Quang Khải, Phường Tân Định, Quận 1, Hồ Chí Minh','1a2f3895-721e-4f04-ae0b-886d899c0a37','CTMB','[\"Hiện tại bên e cho thuê 2 sàn làm Văn Phòng ngay mặt tiền Trần Quang Khải gần với Cầu Bông một địa điểm cực kỳ đắc địa.\",\"Sàn 1:\",\"Diện tích 55m2 - 25Tr\",\"Sàn 2:\",\"Diện tích 55m2 - 25Tr\",\"Sếp nào muốn làm luôn văn phòng rộng rãi dành cho nhân viên của mình thì làm luôn 2 sàn với tổng diện tích là: 110m2 - 50Tr.\",\"Ngoài ra toàn nhà còn sở hữu một sân thượng với quả Views xin sò để cho có thể hóng mát và thư giãn sau những giờ làm việc chăm chỉ\",\"️ Liên hệ trực tiếp SĐT gặp E (Trọng An) để được tư vấn, đi xem và sở hữu cho mình một Văn phòng như ý ạ.\"]','5353e61d-142a-4c0c-939d-bca8728b35bf','5f2c96aa-ef38-42ec-97ec-19a088ea8613','b29f3920-9b1f-4e88-a60f-b9943153ca9b','2024-06-07 08:34:32','2024-06-07 08:34:32'),('26117af2-a396-46c2-bb29-438fa14d3406','Studio ban công, full nội thất, gần ĐH Rmit- khu Phú mỹ Hưng, new 100%, giá giảm mùa dịch','0','CACP','Địa chỉ: Đường Phạm Thái Bường, Phường Tân Phong, Quận 7, Hồ Chí Minh','731f4f13-a76f-4c10-a344-4d92e4151c7d','CTCH','[\"️️* TOÀ NHÀ SIÊU XINH, PHÒNG SIÊU XỊN\",\"Add: PHÚ MỸ HƯNG - Q7\",\"Nội thất đầy đủ: giường, nệm, tủ quần áo, máy lạnh, máy nước nóng, tủ lạnh, kệ bếp,..\",\"Phòng siêu xịn mà giá hạt dẻ\",\"Giờ giấc tự do, thang máy, hầm giữ xe, .\",\"Bảo vệ 24/24\",\"Mọi thứ đã sẵn sàng, chỉ cần xách vali vào và ở\",\"Ib để được tư vấn và đặt lịch xem phòng miễn phí\",\"033.664.3754 gặp Quân\"]','52e2fabf-e4c1-460f-8a18-ebf0b8cf167a','6158033e-8ad0-47cf-b693-b56e7da29202','9144e610-0e83-4070-a270-9c90fc2f9f40','2024-06-07 08:36:27','2024-06-07 08:36:27'),('26d5cb4d-5beb-48e6-9d9d-2b42f54d8d55','CHO THUÊ MẶT BẰNG 176 CHU VĂN AN, BÌNH THẠNH.','0','CITH','Địa chỉ: 176 Đường Chu Văn An, Phường 26, Quận Bình Thạnh, Hồ Chí Minh','c07bd34c-5865-48e1-96df-1a80dd974bef','CTMB','[\"CHO THUÊ MẶT BẰNG 176 CHU VĂN AN, BÌNH THẠNH.\",\"Thông tin chi tiết: NHÀ MẶT TIỀN 176 CHU VĂN AN, BÌNH THẠNH\",\"Thích hợp làm Công ty, Văn phòng, Thẩm mỹ viện, Spa, Showroom....\",\"Diện tích: 4m x 8m, CÓ TẦNG HẦM ĐỂ XE. CÓ TOLET RIÊNG\",\"Ưu điểm mặt bằng nhà:\",\"- Có tầng hầm để xe, ô tô đậu trước nhà.\",\"- Nhà mặt tiền, có vị trí đắc địa trong khu đông dân cư, gần chợ, siêu thị, quán ăn uống, trung tâm thương mại, phòng tập gym… Ngay cửa ngõ thuận tiện đi đến Quận 1, 2, 3, bến xe miền Đông và các tính phía Bắc.\",\"Thanh toán tiền thuê đa dạng theo mỗi 3/6/12 tháng một lần.\",\"Tạo điều kiện thời gian di dời đến.\",\"Hỗ trợ giá trong thời gian đầu khi thuê.\",\"Thông tin liện hệ: Chủ nhà Mr. Vũ. Gọi điện, nhắn tin HOẶC qua zalo theo số đt liên hệ.\"]','c797ea3d-5ab6-4f50-8842-9e241ca546e9','a7431054-61d8-4269-8b48-713f85cd333d','987c402f-1876-4194-9848-b8c0523add2b','2024-06-07 08:34:32','2024-06-07 08:34:32'),('2e0eae0d-3403-40ae-a534-3c617b9cde23','Phòng máy lạnh, giường, máy giặt đầy đủ tiện nghi','4','CQP7','Địa chỉ: 350 Đường Huỳnh Tấn Phát, Phường Bình Thuận, Quận 7, Hồ Chí Minh','bce37668-95ae-4c2a-a756-2f6aa2737e6b','CHPT','[\"Bên mình còn 1 phòng dịch vụ bên Quận 7\",\"1.) Phòng có máy lạnh, giường, máy giặt giá 2tr3 . Địa chỉ: 350 Huỳnh tấn phát Q7\",\"Liên hệ: 0931313570\"]','e8483fb8-d76e-466a-83e9-f4ce2bf6354e','cea4d3b0-653e-4803-976b-52926521b95b','571cd32b-8bfa-489f-8bb0-be281f44908f','2024-06-07 08:40:43','2024-06-07 08:40:43'),('2f2115dd-fe2b-483f-8d71-00858bade67a','Cho Thuê CHDV 1pn 1pk và 2pn Phòng mới','2','CUNO','Địa chỉ: 241 Đường số 20, Phường 5, Quận Gò Vấp, Hồ Chí Minh','32f2ac38-ff3b-45ad-90bd-ecc794f03d2a','CTCH','[\"Cho Thuê CHDV mới\",\"Địa chỉ: 241 Đường Số 20 P5 GV\",\"- Có 2 dạng phòng:\",\"+ 1pn 1pk\",\"+ 2pn 1pk\",\"- Nội thất: Như Hình\",\"- Điện: 3k5\",\"- Nước: 100k/Ng\",\"- Wifi: 100k/P\",\"Còn lại free\",\"Lh: hoặc ib zalo để được tư vấn hỗ trợ xem p trực tiếp\"]','08ee34cd-df52-4844-8823-18d67f71a2fc','37fb20b9-055b-4c00-ab0d-b02c9342a545','5abe29c1-afa0-416e-8d90-6537a21edd02','2024-06-07 08:36:27','2024-06-07 08:36:27'),('3150b958-7734-4446-b824-7227a1cd1b19','Cần cho thuê nhà nguyên căn, mặt tiền đường Nguyễn Trãi, Hiệp Phú, Quận 9','0','CNEH','Địa chỉ: Phường Hiệp Phú, Quận 9, Hồ Chí Minh','117eed8f-7684-46c0-b8e6-24fa9bbac99e','NCT','[\"Chính chủ cho thuê nhà nguyên căn, giá tốt tại:\",\"-Địa chỉ: Mặt tiền đường Nguyễn Trãi, P. Hiệp Phú, Q. 9, TP. HCM\",\"-Diện tích: 247 m2 (13m x19m ). Tổng diện tích sàn: 450 m2. Xây 3 tầng, có sân vườn rộng mát, sân thượng phơi đồ hoặc hóng gió view đẹp.\",\"-Nhà có:\",\"+Tầng trệt nhà xe phòng khách và bếp\",\"+Tầng 1: 2 phòng ngủ, phòng sinh hoạt\",\"+Tầng 2: 2 phòng ngủ và sân thượng\",\"+4 toilet\",\"Tiện ích:\",\"-Khu dân cư đông đúc, an ninh tốt, dân trí cao, gần trường tiểu học Đinh Tiên Hoàng, trường THCS Hoa Lư, ngay cạnh chợ Kiến Thiết, gần Coopmart Xa Lộ Hà Nội, Vincom Quận 9,… Giao thông thuận tiện\",\"-Thích hợp để làm văn phòng, trung tâm ngoại ngữ, ngân hàng,..\",\"-Rất thích hợp cho người nước ngoài thuê\",\"Giá cho thuê: 40 triệu/ tháng ( TL)\",\"Liên hệ: 0902973753 gặp a Thủ\"]','ae2cfd81-ef0e-4229-89e9-a5a0eadf545b','7a8bcd3f-72b3-4f47-a17d-aff464f44ac9','de7ea0d1-d211-45b2-b4d8-8b1e4f16ec70','2024-06-07 08:38:53','2024-06-07 08:38:53'),('31ffe884-59b7-4a2e-8ffc-7b28edcb659d','Căn hộ mới xây chưa qua sử dụng, ngay Hoàng Hoa Thám, Bình Thạnh bạn hãy người đầu tiên sở hữu, (phòng như hình 1000%)','0','CNNA','Địa chỉ: Đường Hoàng Hoa Thám, Phường 7, Quận Bình Thạnh, Hồ Chí Minh','61b03515-d791-4631-85a0-d1f29e650cf6','CTCH','[\"ĐỪNG VỘI BỎ QUA CĂN HỘ XINH LUNG LINH NÀY , BẠN SẼ TIẾC ĐẤY!\",\"Căn hộ mới xây chưa qua sử dụng, bạn hãy người đầu tiên sở hữu, (phòng như hình 1000%)\",\"56D Lê Trực, phường 7, quận Bình Thạnh\",\"- Phòng thiết kế theo phong cách hiện đại, trẻ trung\",\"-️ Full nội thất không thiếu thứ gì, chỉ cần xách balo vô ở\",\"- Ban công siêu đẹp, thoáng mát, hầm gửi xe ngay bên dưới nhà, cửa cuốn, camera an ninh, thang máy hiện đại\",\"- ️Nội thất gồm : giường, nệm, chăn, ra, gối, tủ áo lớn, tủ lạnh lớn, bộ bàn ghế sofa, kệ bếp, máy lạnh, máy nước nóng..\",\"Điện 4k/kw\",\"Nước 100k/ người\",\"wifi, giữ xe, dọn vệ sinh, hỗ trợ kĩ thuật free\",\"=>>>>Gọi cho mình ngay bạn nhé:\",\"0933598239\",\"(vui lòng gọi hoặc inbox trước giúp mình)\"]','4ceb3559-e5f5-4b51-ae6c-27be8ced33b2','2c10569e-4051-4025-a067-f1984e5bd6b7','51579d9d-d46a-4007-86b9-a3ce8b37f490','2024-06-07 08:26:44','2024-06-07 08:26:44'),('33aac789-f12f-4533-a22d-fb117964dba4','Cho thuê mặt bằng mặt tiền đường Quận 4. Làm VP, Spa, Nail, Tóc','0','CUM4','Địa chỉ: 12, Phường 6, Quận 4, Hồ Chí Minh','60f59ba1-c723-4845-a867-f320e32553d4','CTMB','[\"- Chính chủ gửi cho thuê mặt bằng, mặt tiền đường nội bộ đường số Quận 4\",\"- Mặt bằng nằm gần đường Hoàng Diệu, đường Khánh Hội và đường 45, khu dân cư đông đúc, buôn bán sầm uất, an ninh...\",\"- Mặt bằng có chỗ đậu xe ôtô, có lối đi riêng-không chung chủ, có vách ngăn, có toilet riêng\",\"- Diện tích: 4m x 8m = 32m2\",\"- Mặt bằng thích hơp cho thuê văn phòng, nhà thuốc, Spa, Nail, Tóc...\",\"- Ưu tiên văn phòng ký hợp đồng thuê dài hạn\",\"- Chi tiết vui lòng gọi Chúng tôi 0768919886 để được tư vấn và xem nhà, mặt bằng thực tế\",\"Cảm ơn Anh, Chị đã xem tin!\"]','7f5a7422-3c23-4576-815a-cd0cea6cdb3f','c6767a0b-82d4-4011-a254-0cca5b895718','93263919-28c6-4794-8a6a-119fcb3fd498','2024-06-07 08:34:32','2024-06-07 08:34:32'),('35428a7f-7e0a-4b73-825b-01101b744517','CHO THUÊ NHÀ QUẬN 8 102M2 MỚI SẠCH SẼ AN NINH','0','CNEH','Địa chỉ: Mễ Cốc, Phường 15, Quận 8, Hồ Chí Minh','217ef386-06da-438f-9c19-d8dd21969f87','NCT','[\"Nhà 1 trệt 1 lầu, 2 phòng ngủ, 2 nhà vệ sinh, 1 phòng khách 1 nhà bếp, sân trước để xe, 2 kho đựng đồ, có giếng trời, không gian mát, thoáng, nhà mới , sạch sẽ, khu an ninh, yên tĩnh, kế bên chợ Rạch cát 3\"]','8468619b-8c48-45c3-8bf8-eff43c6373d7','171d6f4a-ff5f-4220-bd23-597e98ba9367','f864dad5-0ff4-4da8-a5ac-8a8f2ee7977c','2024-06-07 08:38:53','2024-06-07 08:38:53'),('39867faf-f320-4fba-a6f6-51395359e47e','Cho thuê trang trại chăn nuôi heo, có chuồng heo xây sẵn sức chứa 300 con, hệ thống điện nước đầy đủ','0','CNTC','Địa chỉ: Đường Bửu Long, Xã Tân Bình, Huyện Vĩnh Cửu, Đồng Nai','62fdafb9-73f0-4e9f-a7be-ecaf492cfa8a','CTMB','[\"Cần cho thuê trang trại chăn nuôi heo, gấn trung tâm khu du lịch Bửu Long, Đồng Nai.\",\"Chuồng xây sẵn, hệ thống điện nước đầy đủ.\",\"Có nhà cấp 4 ở lại, tiện sinh hoạt, chăn nuôi, thích hợp cho gia đình yêu thích nông nghiệp, muốn phát triển mô hình vườn, ao , chuồng,...\",\"Liên hệ: Cô Thanh 0913609230 hoặc anh Anh 0903627665\"]','323663f6-a554-409e-a864-262408efe197','77f8dcaf-9e8a-4577-98a6-c880db555e84','08db4570-0a40-475c-995f-62574d6c7c31','2024-06-07 08:34:32','2024-06-07 08:34:32'),('3df07a4b-0fe5-446c-aba5-379384260fbd','Căn hộ 1 phòng ngủ sát lotte full nội thất quận 7','0','CQA7','Địa chỉ: Phường Tân Quy, Quận 7, Hồ Chí Minh','f5f97a0c-0b07-4c47-802c-f374dca5ab6b','CTCH','[\"Đặc điểm:\",\"+ Phòng rất rộng từ 25m2 - 35m2\",\"+ PHÒNG CÓ NỘI THẤT: máy lạnh, tủ áo, bàn ăn cơm, giường, nệm, quạt, tivi, tủ lạnh,....... căn hộ mini cho không gian sống lý tưởng.\",\"+ Có cửa sổ thông ra trời mát mẻ cả ngày, 1 số phòng có ban công phía ngoài.\",\"+ Giờ giấc tự do, về lúc nào cũng được.\",\"+ Không chung chủ\",\"+ Có máy giặt\",\"+ Wifi mạnh, Có chổ phơi đồ rộng rãi\",\"+ Cửa ra vào mở bằng vân tay, nhà xe có camera chống trộm 24/24\",\"+ Ngay Khu Biệt Thự dân trí cao, đường trước nhà rộng 16m, gần chợ, siêu thị, trung tâm.........\",\"+ Xem phòng đảm bảo thích ngay\",\"Liên hệ: An số điện thoại, hoặc nhắn tin zaloo nhé - 0777.077.612\",\"#chothue\",\"#canhomini\",\"#cănhominiq7\"]','4f7d338b-ef19-4801-9566-e2ae7cad41ad','59ae17e7-9e20-4f0d-a15a-647c90c17baa','62991eb6-fd2b-4a48-8bd4-00ac7d70b1c0','2024-06-07 08:26:44','2024-06-07 08:26:44'),('3f8f03ac-966e-49e9-b344-be4ff998e4bb','Cho thuê phòng 20m2 nhà mới xây tại 32/40/38 Đường Bùi Đình Túy, Phường 12, Quận Bình Thạnh','3','CBOH','Địa chỉ: 32/40/38 Đường Bùi Đình Túy, Phường 12, Quận Bình Thạnh, Hồ Chí Minh','e4c4add6-a643-496c-9c10-f297e927e056','CHPT','[\"- Nhà mới xây xong, nội thất đẹp, hiện đại\",\"- Phòng đầy đủ tiện nghi, mát mẻ\",\"- Có máy lạnh, toilet khép kín trong phòng\",\"- Có giường hộp hiện đại, nệm\",\"- Có bàn làm việc, học tập, tủ lạnh\",\"- Có tủ quần áo rộng rãi\",\"- Giặt và phơi quần áo sân thượng, có máy giặt\",\"- Free wifi, nước nóng lạnh năng lượng mặt trời\",\"- Vị trí yên tĩnh, phù hợp cho sinh viên học hành, người đi làm nghỉ ngơi sau giờ làm\",\"- Gần chợ, siêu thị, phòng gym, nhiều tiện ít xung quanh, giờ giấc tự do\",\"- Phòng ban công\",\"- Điện 3,5k/1kw. Nước 100k/ người\"]','13c48107-88c2-48f8-a587-58eff1623e18','377b7006-bc7d-45af-8d89-22d9d4c272a5','e08dd0d1-b468-4ceb-85ec-55d7fde1bfac','2024-06-07 08:40:43','2024-06-07 08:40:43'),('45a67fb0-7fef-4357-8ab8-cdfc05e861d2','Cho thuê mặt bằng khu vực phường 13 Quận Tân Bình','0','CTTI','Địa chỉ: 22A Thân Nhân Trung, Phường 13, Quận Tân Bình, Hồ Chí Minh','7ae4f4c5-de90-4d6f-89ec-9b74056bff9b','CTMB','[\"- Cho thuê nhà mặt tiền chiều rộng 3,7 m, dài 23 m.\",\"- Đường trước nhà rộng 16 m, vỉa hè rộng 4m.\",\"- Nhà thích hợp cho việc kinh doanh, mở shop, cửa hàng.\",\"- Nhà được thiết kế để cho thuê mặt bằng ở phía trước, mọi sinh hoạt gia đình ở phía sau bao gồm phòng ngủ, bếp, 2 nhà vệ sinh.\",\"- Mặt tiền phù hợp với shop thời trang, đại lý vé máy bay, phòng mạch, tiệm làm tóc vv...\",\"- Nhà nằm cách đường Cộng Hòa 200 m, cách trường Dân Lập Nguyễn Khuyến 200 m, nằm trong khu dân cư sầm uất.\",\"- Xung quanh có đầy đủ chợ siêu thị, nhà trẻ, trường cấp 1-2-3.\",\"* Nhà chính chủ miễn tiếp trung gian.\",\"-\",\"LH gặp chủ nhà: 0344.268.548 (Cô Vân)\"]','a6b55f08-eae2-4598-822c-936f83609e1a','b7de5311-af12-408a-8d02-c7969ff3262f','ba6a7dc7-b6e4-426b-aa0e-50088a85f518','2024-06-07 08:34:32','2024-06-07 08:34:32'),('474b31c9-b14a-4e96-aacd-85da25c4a10c','Cho thuê phòng cao cấp, đầy đủ tiện nghi, như căn hộ, ngay trung tâm Quận 10','5','CUH0','Địa chỉ: 128 Đường Thành Thái, Phường 14, Quận 10, Hồ Chí Minh','40dcea1e-4e4a-4472-90ef-4c66e2680bc8','CHPT','[\"Cho thuê phòng đẹp trung tâm Quận 10 tiện nghi:\",\"- Địa chỉ 1: 7A/19/19 Thành Thái, P.14, Q.10.\",\"- Địa chỉ 2: 128 Thành Thái, P.12, Q. 10\",\"Cho thuê phòng trọ nằm cạnh siêu thị Sài Gòn, ngân hàng, gần ngay ngã tư 3/2- Thành Thái - Nguyễn Tri Phương. Gần đại học Kinh Tế TP HCM, Bách Khoa TP HCM, Y Dược. Giao thông thuận tiện, gần chợ trạm xe bus.\",\"Mặt tiền nhà đẹp, hẻm trước nhà 8m xe hơi quay đầu được\",\"Vị trí trung tâm thành phố giáp ngay Quận 1, Quận 3, Tân Bình, Phú Nhuận. Cho bạn thuận tiện trong công việc.\",\"Nhà có thang máy, chỗ để xe rộng rãi.\",\"Phòng rộng từ 22m2 - 35m2, được trang bị đủ tiện nghi như: (Máy lạnh, tivi, giường nệm, tủ lạnh... ) thiết bị cao cấp mới mua đem lại sự tiện nghi và thoải mái trong căn phòng của bạn, ban chỉ việc xách quần áo đến và ở.\",\"Giá thuê chỉ từ 4.5 triệu - 7 triệu/tháng. \",\"Chúng tôi cam kết tuyệt đối với bạn rằng! Hình chụp như thế nào thì phòng của bạn như thế đó. Thậm chí có thể đẹp hơn trong thực tế nếu bạn tới xem trực tiếp.\",\"Liên hệ: A. Khang 0938297275 hoặc 0938. 111. 005\"]','2a1c2d3a-1ffc-41d8-a173-4a56c311a8d8','6d64ba65-c138-44f4-a95a-f7eb42f3d210','3af813d4-1b9c-4c64-8f4f-2f1a38e5dc7c','2024-06-07 08:40:43','2024-06-07 08:40:43'),('4ad70b56-3fae-450e-8acc-dddf398137de','Cực phẩm KTX, Phòng trọ, Sang, Xịn, Mịn Giá siêu rẻ tại Thủ Đức','5','CNOĐ','Địa chỉ: 101 Đường số 8, Phường Linh Đông, Quận Thủ Đức, Hồ Chí Minh','2ae1fcf9-bfad-4e4b-b5ac-24fb50526cfb','CHPT','[\"> Giá trọn gói, không phát sinh bất cứ khoản phí nào nữa.\",\"*** Miễn phí :\",\"- Để xe máy ( Để xe trong sân cực rộng và thoáng)\",\"- Điện, nước.\",\"- Wifi, rác, vệ sinh - Nước uống. ....\",\"*** Nội thất gồm : - Giường, Chăn, Ga, Gối, Nệm, đèn đọc sách, bàn học, gương trang điểm, tủ quần áo ( mỗi người 2 tủ ), tủ tài chính, tất cả đều là hàng cao cấp ( các bạn xem hình là hiểu, hình thật 100% ). Có phòng nấu ăn và phòng sinh hoạt chung - Máy lạnh, máy giặt, tivi, tủ lạnh ( mỗi phòng 1 tủ để trong phòng ) không thiếu bất cứ thứ gì. - Khoá Vân tay 2 chiều. - Tolet riêng trong phòng ( có nước nóng năng lượng mặt trời ). ***** Đặc biệt: Dịch vụ vệ sinh miễn phí Tollet , phòng, hành lang 2 lần 1 tuần. Cảm ơn các bạn đã xem tin. Nếu xem phòng vui lòng call :\",\"Mr Bình. 0936.456.678.\",\"Địa chỉ : 101 Đường số 8, Phường Linh Đông. Q. Thủ Đức\"]','76a2c914-8893-4bed-a1a1-b3aa1741d7cb','ce1e2f60-a8d4-4f28-8ab7-4bff7f444943','e98f2f50-c88a-4a4f-bc54-8639d4a86e8a','2024-06-07 08:40:43','2024-06-07 08:40:43'),('4bb84977-9f20-412c-81d9-4b963049dcfb','Cho thuê nhà đường rộng xe hơi vào tận nhà tại 1/35 Đường Chiến Lược, Phường Bình Trị Đông, Bình Tân','2','CNHN','Địa chỉ: 1/35 Đường Chiến Lược, Phường Bình Trị Đông, Quận Bình Tân, Hồ Chí Minh','9c7b75d1-7ab6-4804-a026-587a4d669a97','NCT','[\"Cho thuê nhà Hẻm xe hơi\",\"diên tích : 4mx12m ba tầng\",\"1 trệt 2 lầu 1 sân thượng\",\"bao gồm 1 phòng khách , 1 phòng bếp , 4 phòng ngủ ,4 tolet, 1 phòng thờ , 1 sân thượng , nước nóng năng lượng mặt trời ,\",\"Hẻm cụt 6m ,2 xe hơi tránh nhau\",\", nhà 1 mặt ( dối diện ao sen ) đậu xe hơi thoải mái ,\",\"Khu vực an ninh yên tỉnh\",\"Thích hợp cho gia đình lớn hoặc 2 gia đình nhỏ , buôn bán online …\",\"Giá thuê 10tr/tháng đặt cọc 2 tháng .\",\"miễn tiếp báo đài , môi giới .\"]','16cb1e48-8cca-4a96-9a63-4839a274758d','9ebc9f14-03d6-4b60-af5d-cecda2eb021f','0b5c97a1-696b-48f0-a1d2-8534d32a077c','2024-06-07 08:38:53','2024-06-07 08:38:53'),('51ba6793-3cb3-42e4-8edb-e29fa0315782','Cho Thuê Nhà Cấp 3 và sân 90m2 đối diện sân Sân Vận Động Quốc Gia Mỹ Đình','0','CTHE','Địa chỉ: Phường Mỹ Đình 1, Quận Nam Từ Liêm, Hà Nội','53b82898-2033-43f7-8645-16567537fe9b','NCT','[\"Nhà cho thuê giá rẻ ở Ngõ 16 Đỗ Xuân Hợp\",\"Tiện tích: Điện nước, bếp và nhà vệ sinh\",\"Xung quanh rất nhiều hàng quán ăn uống, cửa hàng tiện lợi và dịch vụ\",\"Ngõ to ô tô vào được\",\"Bao gồm nội thất: Giường Tủ\",\"Diện tích bao gồm:\",\"Nhà 45m2, dài: 10m2 rộng 4.5m2\",\"Gác xép: 20m2 4.5m2, 4.5m2\",\"Sân 45m2, dài: 10m2 rộng 4.5m2\",\"Giá 5tr/ tháng\"]','228e8b07-f11a-46cf-a823-2e87ae8030c7','540f7bcd-29d0-4d91-bfcf-ce63e754b2a5','332611e7-210e-44cd-8ceb-bcf586173a62','2024-06-07 08:38:53','2024-06-07 08:38:53'),('5314dbd9-1c5d-4fd5-978f-e0d4d3c13bf2','PHÒNG SLEEP BOX FULL TIỆN NGHI DÀNH CHO CÁC BẠN SINH VIÊN BÌNH THẠNH, HUTECH, NGOẠI THƯƠNG, GTVT','4','CBOH','Địa chỉ: 69/38/11 Đường D2, Phường 25, Quận Bình Thạnh, Hồ Chí Minh','10ca6c66-57a5-4d2b-83a9-f6ef5709c801','CHPT','[\"Sleepbox đầy đủ tiện nghi riêng tư an ninh 24/24.\",\"KTX sleepbox cao cấp Nguyễn Gia Trí (D2 cũ) Bình Thạnh ngay Hutech.\",\"Xách vali vào ở ngay.\",\"Cách đại học Hutech 250m.\",\"Cách đại học Ngoại Thương 350m.\",\"Cách đại học GTVT 400m.\",\"Ưu đãi tháng đầu chỉ còn 1.400.000đ cho 10 bạn đăng kí sớm nhất\",\"Giá bình thường các tháng 1tr8/tháng/người (Bao chi phí điện nước, wifi, máy lạnh, nước uống, rác, ).\",\"Vị trí đẹp thuận lợi:\",\"- Ngay sau trường ĐH Hutech.\",\"- Khu vực đông dân cư.\",\"- Gần các trung tâm thương mại lớn.\",\"- View nhìn ra Landmark 81.\",\"- Thuận tiện di chuyển cầu SG, Xa Lộ HN, Q. 9, Phú Nhuận, Gò Vấp phòng * được trang bị sẵn đầy đủ tiện ích:\",\"- Giường riêng biệt, nệm cao su + drap.\",\"- Tủ quần áo, tủ đồ riêng.\",\"- Đèn học, ổ cắm điện.\",\"- WC riêng, sạch sẽ.\",\"- Khu vực bếp nấu ăn chung (Đầy đủ dụng cụ - lò vi sóng - bếp - xoong nồi... ).\",\"- Nước uống I - On miễn phí\",\"- Wifi siêu tốc.\",\"- Ra vào cửa vân tay.\",\"- Bảo vệ, quản lý 24/7.\",\"- Dọn vệ sinh trong phòng hằng ngày\",\"- Thang máy, máy giặt, nơi phơi đồ riêng.\",\"- Hệ thống camera an ninh.\",\"- Chỗ sinh hoạt luôn được vệ sinh sạch sẽ.\",\"Địa chỉ: CS1: 69/38/11 Nguyễn Gia Trí, P. 25, Bình Thạnh..\"]','b51a2c33-4132-4d69-be9b-8258b236655c','f4814490-1cc8-496e-b5a6-d9d886e0c284','65b73716-add9-4635-a01f-21a3da498eed','2024-06-07 08:40:43','2024-06-07 08:40:43'),('5333defd-bfdf-43c9-9d92-d573912b5d33','Căn hộ mới xây 30m2 full nội thất - đường D2 Bình Thạnh','4','CBOH','Địa chỉ: 213/8 Đường Nguyễn Gia Trí (D2), Phường 25, Quận Bình Thạnh, Hồ Chí Minh','59dd6885-3357-440e-a1fd-00e9cb2a20df','CHPT','[\"PHÒNG CHO THUÊ SẠCH ĐẸP, AN NINH, TIỆN NGHI ĐƯỜNG NGUYỄN GIA TRÍ (D2) – BÌNH THẠNH\",\"Chào cả nhà,\",\"Nhằm ổn định nơi ở mới cho các bạn tân sinh viên 2022 cũng như người đi làm, tòa nhà bên mình còn các căn hộ studio cho mọi người lựa chọn như sau:\",\"- Địa chỉ: 213/8 Nguyễn Gia Trí (D2 cũ), P.25, Q.Bình Thạnh, TP. HCM\",\"Cách Đại học: Hutech 100m (đi bộ đi học), Giao Thông Vận Tải (100m), Ngoại Thương (100m), UEF (300m), Hồng Bàng (300m)\",\"- Diện tích:\",\"28m2, 30m2, 33m2, 40m2\",\"Giá thuê:\",\"5,000,000 - 6,200,000/ tháng\",\"Có thể ở từ 4 – 5 người/ phòng\",\"- Tiện ích căn phòng:\",\"Máy lạnh 1,5 ngựa tiết kiệm điện\",\"Tủ lạnh\",\"Máy giặt (ở hành lang)\",\"Có chỗ phơi đồ rộng rãi, thoáng mát\",\"Tủ quần áo gỗ\",\"Cửa sổ thoáng mát\",\"Bếp nấu ăn + bồn rửa chén\",\"Tủ chén treo tường\",\"Toilet riêng trong phòng + thiết bị vệ sinh hiện đại\",\"Tầng đúc kiên cố rộng 12m2 trong phòng\",\"Wifi riêng cho từng phòng, rất mạnh\",\"-Tiện ích tòa nhà:\",\"Có đội ngũ bảo vệ tòa nhà 24/24\",\"Camera an ninh khắp tòa nhà đảm bảo an ninh tuyệt đối\",\"Có đội ngũ quản lý toà nhà sẵn sàng hỗ trợ\",\"Thang máy phân tầng hiện đại\",\"Giờ giấc tự do\",\"Dịch vụ vệ sinh tòa nhà 3 lần/ tuần miễn phí, đảm bảo luôn sạch sẽ, gọn gàng, ngăn nắp\",\"Điện: 4k/kw; nước: 100k/ người/ tháng; giữ xe: 150k/ xe/ tháng\",\"Mời cả nhà nhanh tay đặt phòng!\",\"Xin mời liên hệ:\",\"093 510 1516 (Ms Đào) ; 090 1377 959 (Mr. Huy)\"]','9ab21940-5024-496a-9bc5-c5f9a5bfb3bb','031223e3-a3ab-42ba-ac27-06ad94bfe099','d1e30801-9888-4389-85cd-f6263980936e','2024-06-07 08:40:43','2024-06-07 08:40:43'),('5339d47c-c0d5-4a16-86db-899d179615a6','Phòng Tâng lửng Tân Bình full nội thất gia siêu rẻ','0','CNNB','Địa chỉ: Đường Tân Hải, Phường 13, Quận Tân Bình, Hồ Chí Minh','a374d3d9-1c43-4b11-ad0e-9f558a7a9086','CTCH','[\"Thiết kế: phòng có máy lạnh, cửa sổ mở ra giếng trời, nhà vệ sinh trong phòng, thoáng mát\",\"Nội thất: Máy lạnh, tủ lạnh, tủ áo, giường, nệm, bàn ghế, tủ bếp có bồn rửa\",\"Máy giặt dùng chung và phơi đồ trên sân thượng\",\"Không chung chủ, giờ giấc tự do, giữ xe trong nhà\",\"Điện: 4000hwh\",\"Nước : 100/ người\",\"Phí dịch vụ: 150k/ phòng\"]','1cb987e7-eff8-4d5f-9336-7a9d69471c00','53dba8e2-94be-4122-9b61-d6054d92cc18','515279c4-7391-4571-950a-0fa74c8b04a9','2024-06-07 08:26:44','2024-06-07 08:26:44'),('5544749a-ec91-472e-88ea-ddd16e3bce53','Cho thuê phòng trọ 128/46 Thiên Phước, P.9, Q.Tân Bình (gần vòng xoay Lê Đại Hành)','5','CNOI','Địa chỉ: 128/46 Đường Thiên Phước, Phường 9, Quận Tân Bình, Hồ Chí Minh','5b9420d8-5f67-4995-b92b-500c0c481cf3','CHPT','[\"Cho thuê phòng trọ gần vòng xoay Lê Đại Hành + Đại Học Bách Khoa.\",\". Địa chỉ: 128/46 Thiên Phước, P.9, Q.Tân Bình . .\",\". Phòng có tolet riêng, gác lửng + cửa sổ thoáng mát . .\",\". Còn p giá từ 2tr\",\". Có ban công phơi đồ, wifi 80mb cực mạnh free . .\",\". Bạn bè lại chơi nấu ăn trong phòng thoải mái . .\",\". Để xe trong sân nhà thoáng mát có mái che & bảo vệ coi\",\". Điện 3k5/1 số, nước máy 100k/1 người, giữ xe 120k/1 chiếc . .\",\". Vị trị thuận lợi ra Lý Thường Kiệt, Bắc Hải, Lê Đại Hành, Hoàng Văn Thụ , Âu Cơ , 3 tháng 2 , CMT8 chỉ trong 5p .\",\". LH : 0906878018 (Hùng) chính chủ .\"]','0e27a143-50e5-4a54-abc7-8bf152aa2c9d','c0762ed4-7695-46fc-8b11-624d89f526e9','cf5d50a2-1aca-46e0-8712-59c4408df45d','2024-06-07 08:40:43','2024-06-07 08:40:43'),('6039369a-f931-446f-9f0f-b062766a0892','Cho thuê nhà nguyên căn Đường Võ Thị Thừa','4','CNEP','Địa chỉ: 77/18 Võ Thị Thừa, Phường An Phú Đông, Quận 12, Hồ Chí Minh','0948de5d-a3ef-441f-9907-0ac4fed4eeef','NCT','[\"Cho thuê nhà nguyên căn 1 triệt 3 lầu diện tích 4x14, có chỗ đậu xe ô tô, có thể làm vp kinh doanh. Nhà hướng Tây ven sông Sài Gòn cực thoáng mát. Liên hệ chủ nhà để được biết thêm chi tiết và xem nhà: 0915476117(Ngân)\"]','ced101df-5bcf-4a66-be4c-697fd4118766','c3af6ddf-a23e-4721-9e21-aedc7f6c6eb4','667a575b-6fc0-4463-b137-a7dd017f8236','2024-06-07 08:38:53','2024-06-07 08:38:53'),('60d5a1bc-5ada-46d4-b75a-093993649c5b','1 Trệt 1 lầu có máy lạnh (dãy nhà liền kề mini) sau lưng KS HOÀ PHÁT Phạm Văn Đồng','0','CHNC','Địa chỉ: 1098/27A Đường Phạm Văn Đồng, Phường Linh Đông, Quận Thủ Đức, Hồ Chí Minh','13123bef-d995-4793-9dab-e9ee2d3c6c81','NCT','[\"1 Trệt 1 lầu ban công (dãy nhà liền kề mini) sau lưng KS HOÀ PHÁT Phạm Văn Đồng Thủ Đức\",\"Ở 4 người thoải mái luôn\",\"Giá: 4,2 triệu/tháng (có máy lạnh)\",\"⭐ Bếp, WC riêng tiện lợi\",\"⭐ Có cửa sổ thoáng\",\"⭐ Có camera an ninh\",\"⭐ Có bảo trì nhanh chóng\",\"⭐ Giờ giấc tự do\",\"⭐️ Yên tĩnh, mát mẻ\",\"Ko ngăn phòng riêng\",\"Có nhà xe riêng\",\"Xe ô tô tận cửa nhà thuận tiện đi lại, gần bờ sông 5p: siêu thị chợ, phòng tập Gym,…\",\"Khoá Vân tay kết hợp khoá từ 2 lớp cùng hệ thống chuông báo động giữ an ninh an toàn cho cư dân.\",\"⭐ ĐC: 1098/27A Phạm Văn Đồng, P. Linh Đông,Thủ Đức (sau lưng KS HOÀ PHÁT Phạm Văn Đồng)\",\"Hẻm 526 Phạm Văn Đồng\",\"Vui lòng gọi: 0936783819\",\"Giá dịch vụ:\",\"1/ Điện: 3.500/kw\",\"2/ Nước: 15.000/m3\",\"3/ Rác: 50.000/phòng\",\"4/ Xe: 50.000/xe\",\"- HĐ: 12 tháng\",\"- Cọc: 1 tháng\",\"- Tiền nhà 1 tháng\",\"- Thu tiền: 1 Tây (trễ hạn ko quá 5 ngày\",\" \"]','15f72f19-7b0e-4105-9a2c-117b52f1bae0','1e874464-a541-45da-bf33-8fa683211138','6210907f-862c-4743-8bf0-5ead705a231c','2024-06-07 08:38:53','2024-06-07 08:38:53'),('60d881a8-794b-4859-9a5e-86df9559f060','Cho thuê nhà mặt tiền Kd p. Phú Thọ Hòa,Tân Phú dtsd 60 m2 chỉ 7triệu','0','CANU','Địa chỉ: Phường Phú Thọ Hòa, Quận Tân Phú, Hồ Chí Minh','c71c7e1e-f462-4921-ac99-ef2fa3dc3acb','NCT','[\"Cho thuê nhà mặt tiền Kd p. Phú Thọ Hòa,Tân Phú dtsd 60 m2 chỉ 7triệu\",\"Nhanh còn kịp!\",\"Cho thuê nhà mặt tiền kinh doanh phường Phú Thọ Hòa, Tân Phú\",\"Dt 4x7m, trệt,lâu. Giá 7 triệu.\",\"Nếu thuê thêm phần lâu 1 bên cạnh nối liền diện tích 5x15m,có ban công 4m,2 phòng ngủ lớn, bếp tolet..view đẹp nhìn xuống mặt tiền đường xung quanh kính vì lúc trước bán cafe thì tất cả chỉ 12 triệu.\",\"- Nội thất gồm có máy lạnh, giường, tủ, tủ lạnh....full nội thất...\",\"Chủ nhà rất dễ thương.. tốt bụng...\",\"Vì trí gần trường học lễ Anh Xuân,Trần Phú,cho f18.UBP Phú Thọ Hòa.\",\"Tiện kinh doanh đa ngành nghề.\",\"Alo 0397077772 em chủ nhà\"]','dbe85233-8645-4440-8732-7e024fb58dd2','f6b5cc36-330b-473c-9209-539db5c93c20','114d0d08-74df-4e68-9259-6b0531c3840b','2024-06-07 08:38:53','2024-06-07 08:38:53'),('629e7b2e-b58a-4556-a5ac-f0e59f47c582','Cho thuê nhà nguyên căn 689/21 Trần Xuân Soạn, Quận 7 giá 5tr/tháng','2','CNEH','Địa chỉ: 689/21 Phố Trần Xuân Soạn, Phường Tân Hưng, Quận 7, Hồ Chí Minh','b08d3ce0-0fb5-4451-aad2-b4ea62f6ee2f','NCT','[\"Cho thuê nhà nguyên căn Trần Xuân Soạn, Quận 7.\",\"- Giá 5tr/tháng.\",\"- Địa chỉ: 689/21 Trần xuân Soạn p. Tân hưng q7.\",\"- Diện tích 4x12, 1 trệt, 1 lầu, nhà nguyên, mới, gần siêu thị, bvien, trường học, gần q1, sát q4, q8...\"]','2fd3a190-ca8d-4b46-9c8f-95fa93cd3d98','bd3e546a-ff92-47dc-94f6-7ba6792a93ba','f3379c7c-7d7d-4937-ba15-0785c0fc8afb','2024-06-07 08:38:53','2024-06-07 08:38:53'),('63dc9512-524c-44b5-813e-bfcc1b07d183','Cho thuê nhà trọ mặt tiền 8m, giá rẻ, sạch, đẹp, tự do..chỉ còn 1 căn duy nhất','2','CEOA','Địa chỉ: P02- 1874/11/6 Đường Lê Văn Lương, Xã Nhơn Đức, Huyện Nhà Bè, Hồ Chí Minh','9c948f38-4fb3-4760-9328-9765189b2b36','CHPT','[\"Nhà trọ 2 mặt tiền đường 8m, 27m2 .\",\"Đúc lửng, WC rộng, bếp riêng biệt trong phòng, trần la phông thạch cao, ốp, lát gạch men, sạch sẽ, rộng rãi thoáng mát, Phòng riêng mới, sinh hoạt độc lập, tự do, xe ô tô vào tận cửa. \",\"Gần khu công nghiệp Hiệp Phước, Long Hậu, gần chợ Nhơn Đức.Cách Nguyễn Văn Linh 6km, qua cầu Rạch Tôm 200m. Phòng đang trống vào ở ngay, HĐ 1 năm, cọc 1 tháng, trả trước tiền thuê, điện 2,500/kw, nước 17k/m3. ưu tiên nhân viên văn phòng, sinh viên\",\"Địa chỉ: 1874/11/6 Lê Văn Lương, xã Nhơn Đức, Nhà Bè ( Phòng 04)\"]','97cd7497-4a75-4daf-b949-652e20ed8ada','e9fe7c67-d5fe-4410-85ba-53a22cb7be8d','5e508abf-87a8-4d51-ac32-d496e685a4d3','2024-06-07 08:40:43','2024-06-07 08:40:43'),('65470d82-75bd-4132-976d-340302f92be2','CHDV 1PN đối diện ETOWN có bancol mát mẻ','2','CAHB','Địa chỉ: Đường Nhất Chi Mai, Phường 13, Quận Tân Bình, Hồ Chí Minh','5ed70077-d836-4a92-8be6-8315bcce9d62','CTCH','[\"Địa chỉ: Đường Nhất Chi Mai, P13, Tân Bình\",\"Điện 3.5k\",\"Nước 100k người\",\"Xe 100k người\",\"Phí dịch vụ 50k người gồm rác wifi\",\"FULL NỘI THẤT\"]','2b883657-baa3-4c07-b049-badb83045ebb','a38cec2e-979d-493b-be58-539a12bd3d64','e128720d-08df-4890-ad76-01c33208fea7','2024-06-07 08:26:44','2024-06-07 08:26:44'),('69e1fdd4-b154-473f-8dab-aed3c4f3ab6b','NHÀ THẢO ĐIỀN CÓ SÂN, 3 LẦU - GIÁ CHỈ 20 TRIỆU','0','CNEH','Địa chỉ: Đường số 2, Phường Thảo Điền, Quận 2, Hồ Chí Minh','dea07860-fa78-4a2c-851f-9d6399ffcb52','NCT','[\"+ Thông tin mô tả:\",\"Diện tích: 5x11m\",\"Kết cấu: 1 trệt 3 lầu, 3 phòng ngủ, 4WC\",\"Giá thuê: 20 triệu/tháng\",\"Khu an ninh tốt\",\"Đường lớn, không ngập nước\",\"Phù hợp làm văn phòng, hoặc ở\",\"Cho thuê lâu dài\",\"0901396167\",\"----------------------\",\"Mọi thông tin chi tiết vui lòng liên hệ: Ms Thuỷ để làm việc chính chủ.\",\"Công ty BĐS Anreal với giỏ hàng phong phú và giá tốt - tư vấn hỗ trợ nhiệt tình.\"]','9e5d6f71-fd92-44e6-96aa-9089e6a39761','44754606-4dee-4b89-9a7e-2da6cbd54573','dcd26edb-646f-413d-beb4-104d075d8f13','2024-06-07 08:38:53','2024-06-07 08:38:53'),('6a000abb-b3b0-49c4-a3d2-9349cdd0eedc','Nhà nguyên căn mặt tiền đường 9*18m','0','CUM2','Địa chỉ: Đường Hiệp Thành 45, Phường Hiệp Thành, Quận 12, Hồ Chí Minh','a30a06de-7b9d-474f-9a5c-f3c2131af230','CTMB','[\"- Mặt bằng kinh doanh 1 trệt 3 lầu (9*18m)\",\"- Gần trường học vd: Thpt Võ Trường Toản;...\",\"- Gần chợ, siêu thị,tạp hóa;...\"]','3ce9e782-6fba-4495-ab28-49d0c2e6cacc','35286ba5-ee2c-47ef-ad47-99f77e73bbea','ade5f77a-1d7b-4d2a-9227-935df201495b','2024-06-07 08:34:32','2024-06-07 08:34:32'),('6a5943a2-9a3b-4ec0-9bda-1841adcfeb97','Căn hộ mini ngay Himlam bao đẹp sát lotte quận 7','0','CQA7','Địa chỉ: Đường D1, Quận 7, Hồ Chí Minh','4fb4efb1-9a2c-4bbe-a460-19706f6ff520','CTCH','[\"Bên mình còn hai phòng trong tòa chung cư 6 tầng ngay Himlam Q7, phòng giá 6tr500\",\"Phòng có sẵn máy lạnh , kệ bếp , toilet , rộng từ 20-25m2.\",\"Nằm ngay trung tâm q7 nên đi lại thuận tiện giao thông, gần đường lớn , siêu thị , trường học , trung tâm mua sắm chỉ mất 5p chạy xe . Dân cư đông, an ninh tốt, tiện ích quán ăn, cửa hàng...\",\"Để xe trong nhà an ninh, sạch sẽ, thoáng mát, rộng rãi.\",\"Camera, nhân viên trông coi, hỗ trợ sửa chữa lắp đặt nội thất ko mất phí\",\"Phòng đang trống vào ở ngay ALO trước để được xem và tìm cho mình phòng như ý .\",\"Call: 0777.077.612 (gọi trực tiếp hoặc nhắn zalo)\",\"#chothue #chothuequan7 #canhomini #himlam #chothuephong #chothuecanhomini #chungcu\"]','b5b5bf03-e232-4c50-bfc4-7990a65d76a9','959dd97a-1656-47b3-bffd-93b6000184dc','f62ad4dc-121e-497c-91cb-90c5a97d6c5d','2024-06-07 08:26:44','2024-06-07 08:26:44'),('6abd0fe6-d486-4206-abe8-305dea57da8e','CHDV 1PN đối diện ETOWN có bancol mát mẻ','2','CAHB','Địa chỉ: Đường Nhất Chi Mai, Phường 13, Quận Tân Bình, Hồ Chí Minh','d6c5b86b-3352-4429-99aa-cbd4618e29f7','CTCH','[\"Địa chỉ: Đường Nhất Chi Mai, P13, Tân Bình\",\"Điện 3.5k\",\"Nước 100k người\",\"Xe 100k người\",\"Phí dịch vụ 50k người gồm rác wifi\",\"FULL NỘI THẤT\"]','0527806a-1a56-405e-a1c8-0ec201bec74b','6bdee905-bd3e-4d73-8e39-0c9d6a1b80f9','f89ef5c0-7381-46c4-88d7-76a0195e97a8','2024-06-07 08:36:27','2024-06-07 08:36:27'),('6b36f0f2-4df3-48fb-a76f-935d13be8920','Mặt tiền trung tâm tiện mở đại lý Honda, thế giới di động, điện máy xanh,... trung tâm thị trấn Phú GIáo, Bình Dương','0','CNTI','Địa chỉ: Đường Tỉnh lộ 741, Xã Phước Hòa, Huyện Phú Giáo, Bình Dương','89a762d5-12b2-4d96-bf19-8f30ddca17ed','CTMB','[\"Đất 2 mặt tiền. Mặt tiền đường lớn ĐT741, rộng 26m, mặt tiền hông dài 30m, đường bê tông rộng 10m, thuận tiện làm kho, nhà xưởng, đại lý xe Honda, thế giới di động hoặc mở trạm xăng.\",\"Khu vực đông dân cư, gần khu công nghiệp, chợ, trường học, trung tâm huyện Phú Giáo\",\"Cho thuê dài hạn, giá thuê 20tr/tháng\",\"Liên hệ Chị Thanh: 0913 609 230 hoặc 0903627665\"]','7f376368-bf3e-4882-8d80-cdaeb9c3ceb2','3d61c81c-28be-485f-8481-935fce8ca710','24943890-bbd7-4caa-addf-2a6c9c2a4f41','2024-06-07 08:34:32','2024-06-07 08:34:32'),('6b46b8f1-f5ce-4c9c-b6ef-e66396e1df4b','CHO THUÊ CĂN HỘ Ecolife Riverside TP. QUI NHƠN','0','CONN','Địa chỉ: Điện Biên Phủ, Phường Nhơn Phú, Thành Phố Quy Nhơn, Bình Định','745c2d13-1ae2-46eb-94c8-b506be2a77bc','CTCH','[\"Diện tích : 64m2.\",\"- Gồm 2 Phòng ngủ, 2 tolet, phòng khách , phòng bếp. Hồ bơi ở đây rất rộng.\",\"- Nội thất hoàn thiện.\",\"- View thoáng. Ban công rộng rãi.\",\"- Tiện ích xung quanh, gần chợ, trường học mầm non tầng 1\",\"- Giá cho thuê: 6.500.000đ/tháng ( Bao Phí quản lý 1 năm)\"]','f9ac13b4-6d33-4a04-9aaa-3751fcab3eb0','d2f3966a-fc77-4914-9d0c-fbaeefc689c3','dd64ebea-86ae-4106-be1b-13202da68e29','2024-06-07 08:36:27','2024-06-07 08:36:27'),('6e4e62be-3d9c-4ffa-bf86-46d3128d6f41','Studio ban công, full nội thất, gần ĐH Rmit- khu Phú mỹ Hưng, new 100%, giá giảm mùa dịch','0','CACP','Địa chỉ: Đường Phạm Thái Bường, Phường Tân Phong, Quận 7, Hồ Chí Minh','f5db3c41-7bfa-4d9c-8257-827d59592788','CTCH','[\"️️* TOÀ NHÀ SIÊU XINH, PHÒNG SIÊU XỊN\",\"Add: PHÚ MỸ HƯNG - Q7\",\"Nội thất đầy đủ: giường, nệm, tủ quần áo, máy lạnh, máy nước nóng, tủ lạnh, kệ bếp,..\",\"Phòng siêu xịn mà giá hạt dẻ\",\"Giờ giấc tự do, thang máy, hầm giữ xe, .\",\"Bảo vệ 24/24\",\"Mọi thứ đã sẵn sàng, chỉ cần xách vali vào và ở\",\"Ib để được tư vấn và đặt lịch xem phòng miễn phí\",\"033.664.3754 gặp Quân\"]','54917b6c-15cd-43c9-8504-4142a333857e','ff7c0c8d-4316-47f5-babc-b3ef7c83dca8','3be618ba-a1fb-4fa0-b837-b527b6fb9091','2024-06-07 08:26:44','2024-06-07 08:26:44'),('71b54df3-46b4-4a65-ab5d-e523e0c6e3bb','Phòng Cho Nam Trong Chung Cư Cao Cấp','5','CNNA','Địa chỉ: 57 Quốc Lộ 13, Phường 26, Quận Bình Thạnh, Hồ Chí Minh','d3a462a4-554d-49db-a56e-066f2f896e16','CTCH','[\"Cho Nam share phòng trong căn hộ 3PN 120m2 :\",\"2 ban công, 2 wc\",\"Full NT ( Máy nước nóng, máy lạnh, giường, tủ, bếp, tủ lạnh, máy giặc cửa ngang mới, phòng khách & phòng bếp )\",\"Tầng 3 nội khu : hồ bơi, phòng gym, khu sinh hoạt cộng đồng, spa & coffee , quán ăn\",\"Tầng trệt : Siêu thị win mart , anh văn Việt Mỹ\",\"Chung cư mặt tiền, sảnh ra vào rộng rãi\",\"- có chỗ đậu oto & xe máy trên sảnh\",\"- 2 hầm xe rộng rãi\"]','e46b824f-1eb5-4a4d-9226-0101362fb365','da911391-8430-4dbf-a93d-182367a86855','566c14aa-5334-471f-b084-0b3286953228','2024-06-07 08:36:27','2024-06-07 08:36:27'),('824e7ae0-b948-4c86-9877-0b8c9faa578a','Villa Phố Khu An Phú (7x20m)_5 Phòng Giá 28 Triệu','0','CNEH','Địa chỉ: 18 1, Phường An Phú, Quận 2, Hồ Chí Minh','a8c16259-3a3f-448a-b110-ffcb68936eb0','NCT','[\"Cho thuê biệt thự phố khu An Phú\",\"Khuôn viên 7x20m - gồm 2 lầu, 5 phòng ngủ, 5wc\",\"Nhà có sẵn 1 số nội thất cơ bản, gara để xe hơi, sân trước\",\"Khu an ninh, yên tĩnh\",\"Thích hợp thuê ở gia đình hoặc làm văn phòng công ty\",\"Giá thuê chỉ 28 triệu/tháng\",\"0901396167 - 0909386167\",\"----------------------\",\"Công ty BĐS Anreal với giỏ hàng phong phú và giá tốt - tư vấn hỗ trợ nhiệt tình.\"]','105ac992-d2b5-43ed-8511-db6a24fe27f8','f136a288-a009-444d-8b92-2f74e8b8c42d','06802980-943e-4c82-b1c5-21c63b49ef39','2024-06-07 08:38:53','2024-06-07 08:38:53'),('83912305-1b06-4077-b303-a839195920f7','CHO THUÊ CĂN HỘ Ecolife Riverside TP. QUI NHƠN','0','CONN','Địa chỉ: Điện Biên Phủ, Phường Nhơn Phú, Thành Phố Quy Nhơn, Bình Định','06dfd25c-1c9a-4c50-8586-5fd8ed3761a0','CTCH','[\"Diện tích : 64m2.\",\"- Gồm 2 Phòng ngủ, 2 tolet, phòng khách , phòng bếp. Hồ bơi ở đây rất rộng.\",\"- Nội thất hoàn thiện.\",\"- View thoáng. Ban công rộng rãi.\",\"- Tiện ích xung quanh, gần chợ, trường học mầm non tầng 1\",\"- Giá cho thuê: 6.500.000đ/tháng ( Bao Phí quản lý 1 năm)\"]','0a44f313-be65-4eca-a61c-5fa1f2ddc912','a8ca21f7-9ed1-4fe7-9aa4-9f70eccacb69','e07057ff-64bc-4589-87e8-78677704ab3c','2024-06-07 08:26:44','2024-06-07 08:26:44'),('84ebedea-85dd-4063-aedb-e9dcbd9a0214','[ CHO THUÊ MẶT BẰNG - KINH DOANH]','0','CATL','Địa chỉ: Số 10 ngõ 54 Đại Linh, Phường Trung Văn, Quận Nam Từ Liêm, Hà Nội','9761d0c6-d98e-4be0-87a9-9f3de510d89d','CTMB','[\"CHO THUÊ MẶT BẰNG KINH DOANH\",\"Diện tích : 30m2\",\"Có điều hòa, cửa kính\",\"Phù hợp tạp hóa, bán hàng online, văn phòng khởi nghiệp....\"]','893fa285-f38a-4c9b-8b11-a42d3bab3c2b','149b4fad-de6f-4e62-abac-e36e75600ee0','de9d6f4c-6e37-4f71-8ed6-01461552ebc0','2024-06-07 08:34:32','2024-06-07 08:34:32'),('8706ae94-9b71-4f57-9679-732c968468ac','Tôi. Quốc chính chủ cho thuê mặt bằng mặt tiền Võ Thị Sáu, Quận 1 - 105m2 - chỉ 30tr/tháng. Liên hệ: 0822141489','0','CUM1','Địa chỉ: 94 Đường Võ Thị Sáu, Phường Tân Định, Quận 1, Hồ Chí Minh','fcc34c66-0f56-4aea-b710-a9c2051572ab','CTMB','[\"Tôi, Quốc chính chủ căn nhà mặt tiền 94 Võ Thị Sáu, Tân Định, quận 1. Cho thuê mặt bằng mặt tiền Võ Thị Sáu\",\"Ngang 4,2 dài 25. Diện tích sử dụng lên đến 105m2\",\"Không gian được thiết kế theo phong cách châu âu\",\"Cho thuê làm văn phòng, mặt bằng kinh doanh ( không cho làm quán ăn, quán Coffe vì sợ xuống cấp nhà )\",\"Ngay khu sầm uất, gần trường học, khu ăn uống, công viên…\",\"Thuận tiện di chuyển các quận trung tâm.\",\"Cho thuê hợp đồng dài hạn\",\"Miễn môi giới\",\"Liên hệ : 0822141489 ( Quốc )\"]','7d9a7004-6b62-4802-afa1-33ca5f24313d','617ccc8c-2121-4a95-b5c3-f29baba7b3ea','00067b8e-83ca-4ace-a60c-fa3f37c12a63','2024-06-07 08:34:32','2024-06-07 08:34:32'),('87750f14-b414-422d-ac70-4f11274099ed','Cho Thuê CHDV An Ninh Cao Có quản lí trực cả ngày','2','CNHT','Địa chỉ: 702 Đường Xô Viết Nghệ Tĩnh, Phường 25, Quận Bình Thạnh, Hồ Chí Minh','def407e1-3494-439a-b85b-11be7c895d0d','CTCH','[\"Địa chỉ: 702 xvnt - p25- Bình Thạnh\",\"Giá:3tr5\",\"- Phòng trống ( có máy lạnh) , giới hạn giờ (12h) nếu về quá giờ gọi qli\",\"- Cọc 1\",\"Phí khác:\",\"- Điện 3k5, nước 100k/ người , xe số 100k/c tay ga 200k/C, dịch vụ: 130k\",\"Lh: 0937475715 hoặc ib zalo để được tư vấn hỗ trợ xem phòng trực tiếp\"]','5732f2f3-12fd-4d03-a021-2b1380578998','f5177f8a-466c-4e89-b280-96b6fb33677d','380d2dfe-4860-4fb5-9f01-8536ffe160bf','2024-06-07 08:36:27','2024-06-07 08:36:27'),('8d8ab723-e106-4fef-a161-974c3e6edaa9','Căn hộ full NT 40m2 ngay D1 Bình Thạnh','0','CNHT','Địa chỉ: 156 Đường D1, Phường 25, Quận Bình Thạnh, Hồ Chí Minh','0853fd4c-785a-4659-bc61-ab95339f91dc','CTCH','[\"️️ MỘT SIÊU PHẨM ĐỈNH CỦA CHÓP Ở D1 P.25 Q.BÌNH THẠNH ️️\",\"156 Nguyễn Văn Thương (A22 D1), Phường 25, Quận Bình Thạnh\",\"Phòng diện tích 40m2 ,nội thất siêu hiện đại\",\"Nhà có hầm gửi xe, cửa cuốn an ninh, có thang máy.\",\"Phòng tiện nghi : Giường, nệm, tủ quần áo siêu to , siêu khổng lồ, tủ lạnh, máy lạnh, bàn ăn, thảm lông, toilet riêng hiện đại.\",\"Vị trí thuận lợi: gần các siêu thị, trường học, bệnh viện, ô tô có thể vào tận nhà.\",\"View landmark 81.\",\"GIỜ GIẤC TỰ DO, không chung chủ.\",\"Chỉ tính tiền điện, nước, wifi.\",\"Free Máy giặt, vệ sinh, để xe free, hỗ trợ kĩ thuật free.\",\"Tất cả các phòng đều mới 100%, thoáng mát\",\"LH hải 0933598239\"]','cf08f6bf-5843-4cda-8e06-497bda62e2a5','44759517-3111-4895-8f8a-9133fa38813d','057cecf1-7330-4340-84f7-1654ceebafc5','2024-06-07 08:26:44','2024-06-07 08:26:44'),('90bbb0a1-79e5-4e3b-95cd-4695cb06283c','Phòng FULL Nội Thất cao cấp Ngay Sân bay TSN, Rộng rãi, An ninh, GIá rẻ','2','CAHB','Địa chỉ: 2/26 Đường Bạch Đằng, Phường 2, Quận Tân Bình, Hồ Chí Minh','3cb1a2b4-eb5e-46de-a794-95146a4b4aab','CTCH','[\"Phòng cao cấp full nội thất, sang trọng phù hợp với người đi làm, cặp vợ chồng son.\",\"Ngay Gần Sân Bay Tân Sơn Nhất, Công viên Gia định,…\",\"Liên hệ NGAY để xem phòng: 0931610338\",\"Nội thất: - Một giường lớn, 1 tủ đồ, 1 tủ lạnh, máy lạnh, tivi, 1 bộ bàn ghế, bếp,...\",\"Phòng thật như hình\",\"Tiện nghi hàng đầu:\",\"+ Cửa bảo mật vân tay và mật khẩu An ninh\",\"+ Wifi internet đầy đủ\",\"+ Free xe\",\"+ Có nhà vệ sinh riêng,...\",\"+ Giờ tự do,\",\"+ Phòng trên lầu nên đi thang bộ, phù hợp với người muốn nâng cao sức khỏe, thích rèn luyện thể lực\",\"+ Không phù hợp với người không thích đi thang bộ\",\"Giá thuê: 4tr5\",\"Địa chỉ: 2/26 Bạch đằng, quận Tân Bình, Tp.HCM – Ngay Gần Sân Bay Tân Sơn Nhất, Công viên Gia định,…\",\"Liên hệ NGAY để xem phòng: 0931610338\"]','fa45188c-1076-49b1-ac7f-c0eed45773fa','6ef7f1e5-f6f4-4083-bee6-ef7f792f6dfa','ae9ae55b-b5b8-426c-a2f7-6f04732e205d','2024-06-07 08:26:44','2024-06-07 08:26:44'),('913b269c-1c3a-41f5-8dd8-d895e7e66160','Cho Thuê Căn hộ Góc 59m2, 69m2, 81m2 khu Origami đại đô thị Vinhomes Grand Park Quận 9. (Các căn góc đẹp - Giá siêu tốt)','0','CACP','Địa chỉ: S7.05 Đường Nguyễn Xiển, Phường Long Thạnh Mỹ, Quận 9, Hồ Chí Minh','39b22b3c-bd39-40c1-ad80-1d889a5957de','CTCH','[\"Tôi hiện có các căn góc ở Phân Khu Origami – đại đô thị Vinhomes Grand Park Quận 9 mới nhận nhà cần cho thuê:\",\"+ Căn góc 59m2 – 2 Phòng Ngủ đã trang bị sẵn nội thất cơ bản gồm: Tủ bếp hoàn chỉnh được thiết kế rất đẹp, rèm cửa trang bị đủ các phòng.\",\"+ Căn góc 69m2 – 2 Phòng Ngủ + đã trang bị sẵn Nội thất Gồm: Tủ bếp hoàn chỉnh và rèm cửa. (hoặc căn hộ cơ bản có máy lạnh).\",\"+ Căn góc 81m2 – 3 Phòng Ngủ với Full nội thất cao cấp gồm: Tủ bếp hiện đại, rèm cửa, Giường, tủ áo, bàn ăn, sofa … (thiết kế riêng rất đẳng cấp).\",\"- Các căn hộ đều được lựa chọn kỹ khi đều là căn góc thoáng mát, View: vườn la hán Nhật, view nội khu rất đẹp với giá cho thuê cam kết siêu cạnh tranh.\",\"- 100% là hình thật từ tầm view, nội thất, chủ nhà mới chận chưa ai ở còn mùi sơn mới và sẵn thẻ cư dân, nhà trống giao ngay.\",\"- Tất cả các tiện ích: Hồ bơi, sân bóng bàn, bóng đá, quần vợt và công viên 36ha … đều miễn phí. (Có thêm xe bus điện của Vin rất đẹp và hiện đại )\",\"Vị Trí Thuận tiện: Gần khu công nghệ cao, Đại Học: FPT, Sư Phạm Kỹ Thuật …, sát Bên Quận 2 …\",\"+ Là nơi lý tưởng cho 01 gia đình, sinh viên, nhân viên văn phòng ở và làm việc …\",\"Giá siêu cạnh tranh: 5.9 Triệu – 7.5 Triệu – 12.5 Triêu/tháng\",\"Liên hệ: 0937.554.570 (A.Hoàng) .\"]','c7385c21-c5d2-4aea-b5d4-5cf6be2b937e','be65df68-8d49-4852-97aa-824aaf1c528f','dfd96d63-8976-47c3-9324-74a5dd0db2c2','2024-06-07 08:26:44','2024-06-07 08:26:44'),('91dd101a-f00c-4813-8f27-ea5b95f4d749','Cho Thuê Căn hộ Góc 59m2, 69m2, 81m2 khu Origami đại đô thị Vinhomes Grand Park Quận 9. (Các căn góc đẹp - Giá siêu tốt)','0','CACP','Địa chỉ: S7.05 Đường Nguyễn Xiển, Phường Long Thạnh Mỹ, Quận 9, Hồ Chí Minh','0fb33d90-a662-4156-ab8d-0ecaf9324e05','CTCH','[\"Tôi hiện có các căn góc ở Phân Khu Origami – đại đô thị Vinhomes Grand Park Quận 9 mới nhận nhà cần cho thuê:\",\"+ Căn góc 59m2 – 2 Phòng Ngủ đã trang bị sẵn nội thất cơ bản gồm: Tủ bếp hoàn chỉnh được thiết kế rất đẹp, rèm cửa trang bị đủ các phòng.\",\"+ Căn góc 69m2 – 2 Phòng Ngủ + đã trang bị sẵn Nội thất Gồm: Tủ bếp hoàn chỉnh và rèm cửa. (hoặc căn hộ cơ bản có máy lạnh).\",\"+ Căn góc 81m2 – 3 Phòng Ngủ với Full nội thất cao cấp gồm: Tủ bếp hiện đại, rèm cửa, Giường, tủ áo, bàn ăn, sofa … (thiết kế riêng rất đẳng cấp).\",\"- Các căn hộ đều được lựa chọn kỹ khi đều là căn góc thoáng mát, View: vườn la hán Nhật, view nội khu rất đẹp với giá cho thuê cam kết siêu cạnh tranh.\",\"- 100% là hình thật từ tầm view, nội thất, chủ nhà mới chận chưa ai ở còn mùi sơn mới và sẵn thẻ cư dân, nhà trống giao ngay.\",\"- Tất cả các tiện ích: Hồ bơi, sân bóng bàn, bóng đá, quần vợt và công viên 36ha … đều miễn phí. (Có thêm xe bus điện của Vin rất đẹp và hiện đại )\",\"Vị Trí Thuận tiện: Gần khu công nghệ cao, Đại Học: FPT, Sư Phạm Kỹ Thuật …, sát Bên Quận 2 …\",\"+ Là nơi lý tưởng cho 01 gia đình, sinh viên, nhân viên văn phòng ở và làm việc …\",\"Giá siêu cạnh tranh: 5.9 Triệu – 7.5 Triệu – 12.5 Triêu/tháng\",\"Liên hệ: 0937.554.570 (A.Hoàng) .\"]','716674f0-9a4e-4b44-803c-5b9a328c3ac8','a6e4faf7-d616-4a67-aac0-213d1abc5e76','e0034e69-83fc-4aa5-bc5d-528a2fab366e','2024-06-07 08:36:27','2024-06-07 08:36:27'),('961c5bfc-8a32-4fff-a6f2-91d2754201c2','Cho thuê văn phòng ở Toà nhà Landmark 81 Đường Điện Biên Phủ, Phường 22, Quận Bình Thạnh','0','CITH','Địa chỉ: Toà nhà Landmark 81 Đường Điện Biên Phủ, Phường 22, Quận Bình Thạnh, Hồ Chí Minh','ec88481d-e90c-4fcf-aee8-053f15e7fd3f','CTMB','[\"Cho thuê văn phòng ở Toà nhà Landmark 81  Đường Điện Biên Phủ, Phường 22, Quận Bình Thạnh\",\"Tổng diện tích 407m2\",\"Sang trọng hiện đại tiện nghi bật nhất\",\"mọi chi tiết vui lòng liên hệ trực tiếp Ms. Bình 0909488724\"]','5845cbf7-189b-43e5-9480-66305c462aac','3c33aea2-1e07-4f43-8cbd-8177310339cd','3f393e50-9318-4d28-978c-6dfdf78e639b','2024-06-07 08:34:32','2024-06-07 08:34:32'),('97f64ace-85a3-46b7-8a1b-17dc6b122803','Căn Hộ Full Nội Thất Gần ĐH TDTU - RMIT - UFM','0','CQA7','Địa chỉ: Đường Nguyễn Thị Thập, Phường Tân Hưng, Quận 7, Hồ Chí Minh','f430fb6e-0916-4f72-8bf1-15eb01722aef','CTCH','[\"CHDV Studio ̣̂ ̂́\",\"Vị trí: Ngay Lotte Mart Q7\",\"Gần đại học TDT, Tài chính - Marketing, Big C, Vincom Trần Trọng Cung, chợ, cửa hàng tiện lợi,...\",\"Căn hộ full nội thất, cửa sổ, ban công thoáng\",\"Giờ giấc tự do, không chung chủ\",\"Thang máy rộng\",\"Internet tốc độ cao\",\"Camera an ninh\",\"Giá công khai các dạng:\",\"Dạng phòng Studio Full NT: 4tr - 8tr\",\"Dạng phòng Duplex Full NT: 5tr5 - 7tr5\",\"Dạng phòng 1PN Full NT: 6tr2 - 8tr\",\"---------------------------------------\",\"Căn hộ dịch vụ, chung cư, phòng trọ cho thuê\",\"Call, Imess, Zalo...\"]','947834a7-0532-4a75-b8a0-c864fc35cc3b','8506faa9-12cb-4da1-b968-c9555156dbb1','0049eeed-ffc1-4e99-8da2-9e347801eeed','2024-06-07 08:26:44','2024-06-07 08:26:44'),('9921ca4e-999b-4376-9327-5f2eae2cb9df','Cho Thuê Mb VP Cty , Full Nội Thất , Máy Lạnh Các Phòng , 140m2 , 1T , 1 Lửng , Ngã Tư Bình Phước','0','CNAĐ','Địa chỉ: 23/22B 12, Phường Hiệp Bình Phước, Quận Thủ Đức, Hồ Chí Minh','6f6d9409-d744-42cf-b02d-e223d0e72f8f','CTMB','[\"-Cho thuê Mặt Bằng Trệt và Lửng làm Văn Phòng Cty , nằm trong Toà Nhà Phố Cao Cấp , có đầy đủ nội thất.\",\"-Vị Trí “ Tuyệt Đẹp “ góc 2 Mặt Tiền , Đông Bắc và Đông Nam phù hợp phong thuỷ với hầu hết các tuổi.\",\"+ Dt : 140m2\",\"Gồm : 1 Vp trệt , 2 vp tầng Lửng ( Phòng sếp & phòng họp)\",\"-Bán kính từ 3km – 5km\",\"+ Đh Luật , Phạm Văn Đồng , Vạn Phúc City , thuận tiện đi Bình Thạnh , Gò Vấp ..!\",\"-Dọc theo QL1A :\",\"+ Về An sương , q12 và Củ chi….!\",\"+ Về Linh xuân , Xa Lộ Hà Nội , ngã tư thủ đức , chợ đầu mối nông sản.\",\"-Cách ngã tư Bình Phước chỉ 500m , ngay chân cầu Vĩnh Bình ( qua cầu là Bình Dương ).\",\"-Giá : 18 Triệu / Tháng . Điện 4k . Nước 20k\",\"-Phù Hơp làm Vp Cty , IT , Tư Vấn , CSKH , …!\",\"-Đường trải nhựa 8m , ko ngập , oto có thể ra vào thoải mái , dân cư hiện hửu , an ninh .!\",\"-- Liên Hệ : Bền Nguyễn , Zalo 0904 509 552 ( Tư Vấn 24/24).\"]','f3722a0e-5025-42b1-a30e-e4e48ab36dfd','85921ba9-1808-4584-9ef6-c7f463d70bb8','8518dc23-d3ae-406c-a88d-765b9d0ff449','2024-06-07 08:34:32','2024-06-07 08:34:32'),('9be87c54-7369-45dd-acd8-419e90fa797d','Cho thuê Nhà, Kho, Bãi Phong Phú, Đa Phước, Bình Chánh','0','CBTH','Địa chỉ: Huyện Bình Chánh, Hồ Chí Minh','abffac4f-f9ed-45fc-b440-6ad6570b91b5','CTMB','[\"CHO THUÊ NHÀ Ở, HOẶC LÀM KHO\",\"Diện tích 100m2, 200m2 tới 600m2\",\"Đường rộng từ 3 tới 10m\",\"Giá từ 8 triệu tới 25 triệu/tháng\",\"Khu vực dọc theo Quốc Lộ 50, Các xã Bình Hưng, Phong Phú và Đa Phước huyện Bình Chánh\",\"Đường rộng, hẻm to, xe tải, xe cont chạy chạy tới kho. Thuận tiện giao thương giữa tuyến QL50, Nguyễn Văn Linh về Các Cảng trong Sài Gòn, Cảng Long An và các tỉnh miền Tây.\",\"Do có 5 kho như trên nên không đang cụ thể hết. Em dẫn đi xem từng kho. Khách hàng nói chuyện và thương lượng trực tiếp với chủ.\",\"DẪN ĐI XEM MIỄN PHÍ KHÔNG LẤY TIỀN CAFE CÀO PHÁO GÌ HẾT\",\"Cảm ơn đã xem tin !!!\"]','76943e38-d3bf-4abb-8408-d846f229ae80','0d48092a-a15d-4756-a353-699aeb72793d','96f0fc81-2997-48e8-91ac-233e60f2d1d3','2024-06-07 08:34:32','2024-06-07 08:34:32'),('9d356085-95e9-4355-aa02-ee800cb0216e','Căn hộ mini ngay Himlam bao đẹp sát lotte quận 7','0','CQA7','Địa chỉ: Đường D1, Quận 7, Hồ Chí Minh','dbf49c35-725d-4db4-9a14-ec0c4f998d50','CTCH','[\"Bên mình còn hai phòng trong tòa chung cư 6 tầng ngay Himlam Q7, phòng giá 6tr500\",\"Phòng có sẵn máy lạnh , kệ bếp , toilet , rộng từ 20-25m2.\",\"Nằm ngay trung tâm q7 nên đi lại thuận tiện giao thông, gần đường lớn , siêu thị , trường học , trung tâm mua sắm chỉ mất 5p chạy xe . Dân cư đông, an ninh tốt, tiện ích quán ăn, cửa hàng...\",\"Để xe trong nhà an ninh, sạch sẽ, thoáng mát, rộng rãi.\",\"Camera, nhân viên trông coi, hỗ trợ sửa chữa lắp đặt nội thất ko mất phí\",\"Phòng đang trống vào ở ngay ALO trước để được xem và tìm cho mình phòng như ý .\",\"Call: 0777.077.612 (gọi trực tiếp hoặc nhắn zalo)\",\"#chothue #chothuequan7 #canhomini #himlam #chothuephong #chothuecanhomini #chungcu\"]','b33dd57e-4288-463a-92de-1a50dcf9ff51','4683c94b-c6fe-4521-af32-956a766b6394','3e096b6d-0c81-4c45-ae1c-aae3c923727c','2024-06-07 08:36:27','2024-06-07 08:36:27'),('9e788f92-6887-4542-ab0f-e186b0ef8aa4','Căn hộ mini đầy ấp ánh sáng mới tinh sát lotte Q7','0','CQA7','Địa chỉ: Đường Nguyễn Thị Thập, Phường Tân Phong, Quận 7, Hồ Chí Minh','f6e5fa67-7d59-461e-ba40-54e17559f17c','CTCH','[\"Mới Tinh Full Nội Thất Ngay đường Nguyễn thị thập, khu tân quy đông đi vào quận 7\",\"Nội thất cao cấp và đầy đủ, chỉ việc xách vali vào ở\",\"Không gian điểm nhấn thiết kế phong cách nhẹ nhàng sang trọng mang đến cho khách hàng sự an yên\",\"Nằm trong khu sầm uất, gần nhiều hàng quán, coffee, chợ, cửa hàng tiện lợi trong bán kính 500m.\",\"⏰Giờ giấc tự do, không chung chủ.\",\"Thuận tiện đi lại giữa các quận\",\"Liên hệ: 0777.077.612 (gọi trực tiếp hoặc nhắn tin zalo)\",\"#chothue #chothuequan7 #canhomini #himlam #chothuephong #chothuecanhomini #chungcu\"]','19d806b1-2320-4b79-8a9b-057ba882ad06','99792bbd-005e-42ce-8882-e8710e655f91','d35660ad-1b58-4597-badf-1815e2f61630','2024-06-07 08:36:27','2024-06-07 08:36:27'),('a1d56074-aa54-4781-9f13-84b74621f71f','Nhà cấp 4 nguyên căn, 47/7 đường Số 2, Quận 2 - Ngay cầu SG','0','CNEH','Địa chỉ: 2, Phường Bình An, Quận 2, Hồ Chí Minh','49c23972-1ce6-4fa0-a054-96127382f650','NCT','[\"- Nhà cấp 4 nguyên căn (80m2) + gác lửng (20m2).\",\"- Đường container vào được cách nhà 10m, hẻm xe 6 chỗ vào được.\",\"- Khu dân cư trí thức, rất ít nhà cho thuê.\",\"- Cả Quận 2 (Tp Thủ Đức) không tìm được căn nào tốt hơn, không tin cứ đến check.\",\"- Ở là thích, phù hợp gia đình hoặc nhóm từ 4 - 6 người.\",\"- Quyết định nhanh thì còn, chậm thì vào ô mất lượt.\",\"- Có chỗ tập thể dục, trẻ con vui chơi siêu thích.\",\"- Trong vòng bán kính 200m có Siêu thị Co. Oop, Big C, Metro + 1 chợ truyền thống.\",\"- 02 Trường mầm non cách nhà 10 m, tiểu học, trung học cơ sở, phổ thông cách nhà 200m.\",\"- Công viên gần nhà có 05 công viên (bán kính 200m) + công viên Vinhome (qua cầu Sài gòn) - người lớn, trẻ con có full chỗ vui chơi.\",\"- Có thể dọn vào ở ngay, hợp đồng từ 12 tháng trở lên.\",\"- Gọi trực tiếp để xem nhà, không tiếp trung gian.\",\"- Liên hệ: 093 848 5116 (Cô Luật).\"]','2b4f2554-8bb2-4bf2-8fff-71b999926653','8b1653bd-0dcb-455e-9e29-f62947faf45e','a2e69e6d-663b-476b-80b8-183849d3349b','2024-06-07 08:38:53','2024-06-07 08:38:53'),('a7ad8961-9260-468f-8ef1-383fa0761616','Ở ghép trọn gói 700k gần Lotte Mart','4','CQP7','Địa chỉ: 34 Phố số 36, Phường Tân Quy, Quận 7, Hồ Chí Minh','59d807f0-c0af-4e38-856f-d27a567bfeab','CHPT','[\"Đến Homestay Hoàng Phúc – hệ thống Kytucxa Q7 rẻ nhất Sài Gòn với những căn phòng đẹp lung linh chuẩn 2 sao, đa dạng tiện nghi và bao trọn toàn bộ các chi phí (cam kết 100% không phát sinh).\",\"CHỈ 9️⃣0️⃣0️⃣.0️⃣0️⃣0️⃣/ THÁNG( KM 200K tháng đầu chỉ còn 7️⃣0️⃣0️⃣.0️⃣0️⃣0️⃣/ THÁNG )\",\"TIỆN ÍCH NỔI TRỘI TẠI ĐÂY:\",\"Giường tầng riêng tư, có tủ đồ, móc treo thông minh\",\"Máy lạnh inverter, wifi tốc độ cao\",\"Nhà vệ sinh riêng, sạch sẽ\",\"Nhân viên dọn phòng hằng ngày\",\"Tự do dùng máy giặt,bình lọc nước\",\"Khu để xe rộng, được camera giám sát.\",\"⏰ ⏰ môi trường văn minh\",\"Ngoài ra còn có:\",\"Camera An ninh, quản lý tâm huyết.\",\"Không gian bếp lớn đầy đủ thiết bị.\",\"Có khu phơi quần áo riêng.\",\"Vị trí ở trung tâm, mức sống dễ chịu, thuận lợi đi lại và ăn uống và rất nhiều các chi nhánh để các chọn lựa gần chỗ làm nơi học.\",\"Địa chỉ các cơ sở chi nhánh KTX:\",\"️CN1: 34 đường 36, P. Tân Quy, Q.7\",\"Các chi nhánh khác:\",\"️CN2: 1134/14A Huỳnh Tấn Phát, Q.7\",\"️CN3: Hẻm 350 Huỳnh Tấn Phát, Q.7\",\"️CN4: 233/11/6 Nguyễn Trãi, P2, Q.5\",\"️ CN5: 84 Nguyễn Tất Thành, Q.4\",\"CÒN CHẦN CHỜ GÌ NỮA NHANH TAY LIÊN HỆ CHO MÌNH 1 CHỖ\",\"Điện thoại: 0931313570\"]','5cd67a3d-fdb7-4aea-b710-bac92e8e872c','db772925-05ac-44c2-90fd-049181f912f1','2ef77380-7b99-4f81-9700-23e132a29933','2024-06-07 08:40:43','2024-06-07 08:40:43'),('aaf75e20-3311-4003-8cc0-f72e21bcb247','Phòng sạch, đẹp 16m2, có sẵn nội thất chỉ từ 3,2 Triệu đến 3,5 Triệu/tháng tại Đinh Bộ Lĩnh, Phường 26, Bình Thạnh','3','CBOH','Địa chỉ: Đường Đinh Bộ Lĩnh, Phường 26, Quận Bình Thạnh, Hồ Chí Minh','29d76962-937d-440d-96dc-86528e366aef','CHPT','[\"Cho thuê phòng trọ mới đẹp diện tích 16m2 tại hẻm 6m Đường Đinh Bộ Lĩnh, Phường 26, Quận Bình Thạnh\",\"Phòng gồm có wc riêng biệt sạch sẽ, sinh hoạt thuận tiện. Phòng có cửa sổ và thông gió mát mẽ, thoáng\",\"Có sẵn một số nội thất như: giường, tủ, máy quat, máy lạnh, máy năng lương,\",\"Miễn phí rác, bãi xe.\",\"Giờ giấc sinh hoạt tự do\",\"Khu an ninh, xung quanh có đầy đủ các tiện ích. Cách trung tâm chỉ 5 phút\",\"Giá thuê chỉ: 3.200.000đ/tháng đến 3.500.000đ/tháng\",\"Liên hệ xem phòng: 0903934756\"]','c0092f6f-90ea-4579-93cf-92cf1b11f550','ae44c2ae-9a83-4797-bae7-9c21af931098','6921a594-02ac-4726-8c84-98a61a1ddcb0','2024-06-07 08:40:43','2024-06-07 08:40:43'),('ab96ff78-b898-4b0a-aa1b-5ac16e80afaa','Phòng trọ cho thuê ngắn hạn hoặc dài hạn đầy đủ nội thất, tiện nghi vào ở ngay','4','CQP6','Địa chỉ: 336/10 Nguyễn Văn Luông, Phường 12, Quận 6, Hồ Chí Minh','6c59f2cb-bd13-482f-bebb-9590903686e9','CHPT','[\"Cho thuê phòng trọ ngắn hạn hoặc dài hạn trang bị sẵn full nội thất rất tiện nghi, có thang máy, vào ở ngay.\",\"Vị trí: cách vòng xoay Phú Lâm 200m, gần ngã tư Hậu Giang, gần chợ lớn, khu ăn uống sầm uất. \",\"Nội thất: tivi, tủ lạnh, máy lạnh, giường, nệm, tủ quần áo, bàn trang điểm,... toilet riêng.\",\"Phòng nhỏ 20m2 (1 giường rộng), giá 3.8 triệu/tháng (ở 2 người)\",\"Phòng lớn 40m2 (2 giường rộng), giá 6 triệu/tháng (ở 4 người)\",\"Điện 3,5k, nước 100k/người, xe 100k/chiếc.\",\"Vệ sinh: 100k. \",\"Liên hệ: Anh Cảnh - 0913635257 - 0913665257\",\"Hoặc: 028.38858278\",\"Tất cả giảm thêm 10% nếu ở trên 3 tháng.\"]','8aead262-d9e8-48c7-9247-5b620cfe94ae','3a5a1cff-b3fd-4ddf-87fe-06b7726176fc','1f722502-a45c-4967-bb5e-87f589248f9b','2024-06-07 08:40:43','2024-06-07 08:40:43'),('ac29bf0b-3f1c-41b2-8c20-fa12ba010664','Chính chủ cho thuê nhà phố, 1rệt 1lầu, giá mềm, tch08','0','CNEP','Địa chỉ: 98/20/10 Tân Chánh Hiệp 8, Phường Tân Chánh Hiệp, Quận 12, Hồ Chí Minh','71d28a19-bd5d-4ae8-afa1-11fcc8f653ea','NCT','[\"Chính chủ cho thuê nhà phố 100m2, Tân Chánh Hiệp 8, quận 12.\",\"- Giá thuê 6 triệu.\",\"- Điện thoại: 0906 416 110 (a.Duong), 0975 311 713 (c.Ly).\",\"- Diện tích sử dụng: 100m2, 1 trệt 1 lầu, 2 phòng ngủ, 2 toilet, phòng khách, bếp tiện nghi\",\"- Sạch sẽ, an ninh đảm bảo (có cổng ra vào khu phố)\",\"- Nộ thất: ghế sofa, kệ tủ phòng khách, tủ tivi, tivi, tủ bép, máy khử mùi, máy nóng lạnh, bộ bàn ăn\",\"- Hẻm cụt, 5m2\",\"- Thích hợp vợ chồng trẻ, công chức.\"]','a2eb90a3-b2cb-42ed-aeaa-207efcdde792','e7569aa3-1283-49e3-9fb2-c9111a66e4b1','0d0a82dd-05de-4b9a-a489-a571745708af','2024-06-07 08:38:53','2024-06-07 08:38:53'),('af69bed1-d69b-4b8e-8843-3388163d0b33','Cho Thuê CHDV 1pn 1pk và 2pn Phòng mới','2','CUNO','Địa chỉ: 241 Đường số 20, Phường 5, Quận Gò Vấp, Hồ Chí Minh','23158940-054d-443f-badd-82eef9d4f49e','CTCH','[\"Cho Thuê CHDV mới\",\"Địa chỉ: 241 Đường Số 20 P5 GV\",\"- Có 2 dạng phòng:\",\"+ 1pn 1pk\",\"+ 2pn 1pk\",\"- Nội thất: Như Hình\",\"- Điện: 3k5\",\"- Nước: 100k/Ng\",\"- Wifi: 100k/P\",\"Còn lại free\",\"Lh: hoặc ib zalo để được tư vấn hỗ trợ xem p trực tiếp\"]','0d9126bd-8215-42a3-a165-532f97fe739f','9930e13b-c320-4e96-8bc6-3ef1ad978a77','0ad9bdf7-3d13-4821-a8b4-f0a7c907ed95','2024-06-07 08:26:44','2024-06-07 08:26:44'),('af9c6565-eca3-4ef3-b69b-6ad03c90439b','Cho thuê nhà phố shophouse Green River Q8-1trệt 1lầu 151m2 có nội thất cơ bản khu dân cư hiện hữu','0','CUM8','Địa chỉ: 2225 Phạm Thế Hiển, Phường 6, Quận 8, Hồ Chí Minh','ebc8bdf7-8949-46fc-9624-0a935359c112','CTMB','[\"*Cho thuê 1 trệt 1 lầu 151m2-183m2 tại CĂN HỘ - ̣ ̂́ ̂̉ ̣̂ . DT Ngang 8m x dài 10m- gồm 1 tầng trệt có cầu thang lên tầng 2\",\"*CHO THUÊ NGUYÊN CĂN 20TR/ THÁNG hiện tại có 2 căn block B mặt ngoài, 2 căn block B mặt trong, 2 căn block A mặt ngoài và trong.\",\"*CHO Thuê tầng trệt 14tr/ tháng\",\"*SẢN PHẨM AN TOÀN KINH DOANH THUẬN LỢI\",\"Cập nhật tình hình mở bán các căn SHOPHOUSE 1 trệt 1 lầu đang được đưa vào sử dụng hiệu quả tại Green River Quận 8.\",\"*BLOCK A:\",\"1. Salon tóc CƯỜNG AN ĐÔNG\",\"2. Nha Khoa TÂM ĐAN\",\"3. SPA DAISY\",\"4. SPA LINH PHẠM\",\"5. Shop sản phẩm dành cho Mẹ và Con\",\"6.Cafe Bất động sản\",\"7. Trà sữa chân châu\",\"8. Bún đậu mắm tôm\",\"* BLOCK B:\",\"1. Cafe NAPOLI\",\"2. Cafe VIVA coffe\",\"3. Cafe Kai\",\"4. Vẽ tranh nghệ thuật sáng tạo cùng bé\",\"5. Trung tâm tổ chức sự kiện\",\"*BLOCK C:\",\"1. Cafe KARA\",\"2. Cửa hàng tiện lợi Family Mart\",\"3. Cửa hàng tiện lợi 24h Win mart + Phúc Long coffe\",\"4. ATM tự động TPBANK\",\"Anh/Chị có nhu cầu sở hữu hoặc thuê kinh doanh có thể tham khảo.\",\"Khu vực an ninh, có bảo vệ trực 24/24\",\"‍️ Liên hệ ngay:***\"]','53a5abac-51a1-4130-bfa8-fa99887455d9','704531ee-0e2e-416c-ae87-b053deafd772','896ed816-68c6-463f-8327-c0bf8d755db8','2024-06-07 08:34:32','2024-06-07 08:34:32'),('b030bc47-623c-4fae-9b51-b2d8aa964dbb','Cho thuê phòng trọ đầy đủ nội thất, đường 3/2, khu Kỳ Hòa, Quận 10','3','CUH0','Địa chỉ: 181/36 Đường số 3/2, Phường 11, Quận 10, Hồ Chí Minh','88098e1d-3365-440a-a0bc-f2c0a47eaff5','CHPT','[\"Chính chủ cho thuê phòng rộng khu trung tâm, an  ninh, yên tĩnh, hẻm chính 7m, tiện đi lại, phòng rộng 22m2. Tiện nghi đầy đủ như khách sạn, máy lạnh, nước nóng, tivi LDC, tủ lạnh, giường tủ, bàn ghế...\",\"Giờ giấc tự do, có chỗ để xe.\",\"- Địa chỉ: 181/36 Đường 3/2, P.11, Quận 10.\",\"Giá thuê: 5 triệu/tháng.\",\"Liên hệ: 0919.990.528 Chị Vân - Chính chủ\"]','5dc37e1f-f271-4ea5-8d29-206bc84fa9d2','bbb8bb59-4878-45e5-af4d-892a6a91e28f','0bca3899-5aa4-416f-9fc8-d5d03873696b','2024-06-07 08:40:43','2024-06-07 08:40:43'),('b70c29bd-4196-4fd9-b96e-d81aef987b05','Căn Hộ Duplex ban công ngay KCX , Phú Mỹ Hưng và các trường ĐH Q7','2','CACP','Địa chỉ: Đường Trần Trọng Cung, Phường Tân Thuận Đông, Quận 7, Hồ Chí Minh','e449bed9-209b-433f-bd17-f99c00cb0e3c','CTCH','[\"Căn hộ dịch vụ mới xây, Có ban công, full nội thất, có bếp, cửa sổ ban công, ngay sát bên Vincom Nam Long, khu trung tâm Quận 7, cách Phú Mỹ Hưng 3 km. Giá thuê chỉ từ 5.8 tr/tháng.\",\"1. Vị trí thuận tiện:\",\"- Địa chỉ : Đường Trần Trọng Cũng ngay khu dân cư Nam Long.\",\"- Đường rộng 2 ô tô đi được.\",\"- Sát bên Vincom Nam Long (đường Trần Trọng CUng).\",\"- Mất 5 phút để ra các trục đường lớn: Trần Trọng cung, Huỳnh Tấn Phát, Lý Phục Man, Nguyễn Thị Thập, Nguyễn Văn Linh, cầu Phú Mỹ.\",\"- Gần trường ĐH Tôn Đức Thắng, trường ĐH Nguyễn Tất Thành, trường trung cấp kinh tế - kỹ thuật, nhà hàng tiệc cưới Duyên Hải.\",\"- Tiện ích mua sắm đầy đủ, gì cũng có.\",\"2. Tiện ích.\",\"- Nội thất đầy đủ 100%, có bếp.\",\"- Có tủ áo quần bằng gỗ sang trọng.\",\"- Tivi truyền hình cáp nhiều kênh, wifi cực mạnh.\",\"- Máy lạnh tiết kiệm điện, mới 100%.\",\"- Có máy giặt, máy sấy đầy đủ.\",\"- Hầm để xe sạch sẽ và rộng rãi.\",\"- Toilet rộng rãi, sạch sẽ, sang trọng.\",\"3. An ninh:\",\"+ Nhà được giám sát bằng hệ thống camera 24/24.\",\"+ Nằm trong khu quân đội, các cơ quan nhà nước nên rất an ninh.\",\"+ Ở chung với người có trí thức, ý thức cao.\",\"4. Giá phòng.\",\"- 5,8 tr/ tháng.\",\"- Điện 3.5 nghìn/kwh.\",\"- Nước: 25 nghìn / m3\",\"- Phí quản lý: 150k / phòng\",\"- Máy giặt + sấy 100 nghìn/người.\",\"* Gọi ngay: 0583.165.215 (Hà Phiếu ) để xem phòng nha các bạn.\"]','06cb0d52-2a88-4647-a0b5-c820691e2fc5','5f3ada7b-4f83-4e4d-b260-767eab91c2e6','cd1a515f-d041-48f3-bbf9-92962ba20ec8','2024-06-07 08:26:44','2024-06-07 08:26:44'),('bfe8bb86-5961-46a9-8784-5b5dd93a0415','Căn Hộ Full Nội Thất Gần ĐH TDTU - RMIT - UFM','0','CQA7','Địa chỉ: Đường Nguyễn Thị Thập, Phường Tân Hưng, Quận 7, Hồ Chí Minh','5d62fba4-722d-4903-bb05-0c1d60737387','CTCH','[\"CHDV Studio ̣̂ ̂́\",\"Vị trí: Ngay Lotte Mart Q7\",\"Gần đại học TDT, Tài chính - Marketing, Big C, Vincom Trần Trọng Cung, chợ, cửa hàng tiện lợi,...\",\"Căn hộ full nội thất, cửa sổ, ban công thoáng\",\"Giờ giấc tự do, không chung chủ\",\"Thang máy rộng\",\"Internet tốc độ cao\",\"Camera an ninh\",\"Giá công khai các dạng:\",\"Dạng phòng Studio Full NT: 4tr - 8tr\",\"Dạng phòng Duplex Full NT: 5tr5 - 7tr5\",\"Dạng phòng 1PN Full NT: 6tr2 - 8tr\",\"---------------------------------------\",\"Căn hộ dịch vụ, chung cư, phòng trọ cho thuê\",\"Call, Imess, Zalo...\"]','d1fa164a-28ec-4d23-ad02-a26b38c67df0','edab3b0b-567f-4137-9cf6-afbb681d129d','e9c126f6-dd5d-48ed-9396-4bcc7e475bee','2024-06-07 08:36:27','2024-06-07 08:36:27'),('c4aae729-30cf-4764-88b8-e60287e535c7','Căn Hộ Duplex ban công ngay KCX , Phú Mỹ Hưng và các trường ĐH Q7','2','CACP','Địa chỉ: Đường Trần Trọng Cung, Phường Tân Thuận Đông, Quận 7, Hồ Chí Minh','bd209d3e-c4b5-4538-b72b-4261ca311eee','CTCH','[\"Căn hộ dịch vụ mới xây, Có ban công, full nội thất, có bếp, cửa sổ ban công, ngay sát bên Vincom Nam Long, khu trung tâm Quận 7, cách Phú Mỹ Hưng 3 km. Giá thuê chỉ từ 5.8 tr/tháng.\",\"1. Vị trí thuận tiện:\",\"- Địa chỉ : Đường Trần Trọng Cũng ngay khu dân cư Nam Long.\",\"- Đường rộng 2 ô tô đi được.\",\"- Sát bên Vincom Nam Long (đường Trần Trọng CUng).\",\"- Mất 5 phút để ra các trục đường lớn: Trần Trọng cung, Huỳnh Tấn Phát, Lý Phục Man, Nguyễn Thị Thập, Nguyễn Văn Linh, cầu Phú Mỹ.\",\"- Gần trường ĐH Tôn Đức Thắng, trường ĐH Nguyễn Tất Thành, trường trung cấp kinh tế - kỹ thuật, nhà hàng tiệc cưới Duyên Hải.\",\"- Tiện ích mua sắm đầy đủ, gì cũng có.\",\"2. Tiện ích.\",\"- Nội thất đầy đủ 100%, có bếp.\",\"- Có tủ áo quần bằng gỗ sang trọng.\",\"- Tivi truyền hình cáp nhiều kênh, wifi cực mạnh.\",\"- Máy lạnh tiết kiệm điện, mới 100%.\",\"- Có máy giặt, máy sấy đầy đủ.\",\"- Hầm để xe sạch sẽ và rộng rãi.\",\"- Toilet rộng rãi, sạch sẽ, sang trọng.\",\"3. An ninh:\",\"+ Nhà được giám sát bằng hệ thống camera 24/24.\",\"+ Nằm trong khu quân đội, các cơ quan nhà nước nên rất an ninh.\",\"+ Ở chung với người có trí thức, ý thức cao.\",\"4. Giá phòng.\",\"- 5,8 tr/ tháng.\",\"- Điện 3.5 nghìn/kwh.\",\"- Nước: 25 nghìn / m3\",\"- Phí quản lý: 150k / phòng\",\"- Máy giặt + sấy 100 nghìn/người.\",\"* Gọi ngay: 0583.165.215 (Hà Phiếu ) để xem phòng nha các bạn.\"]','639457e4-4cb7-49d2-a535-91a059c07e9f','69e00cf8-4fe8-4b6c-a71f-517acd9c9345','fe05a929-b3f9-44fb-b5d8-14e09d00a220','2024-06-07 08:36:27','2024-06-07 08:36:27'),('c9b936b5-0c9f-417d-ab4a-f06fc407afe3','Chủ đầu tư IMG cho thuê mặt bằng tòa nhà Artemis vị trí đẹp nhất quận Thanh Xuân','0','CHTX','Địa chỉ: 3 Phố Lê Trọng Tấn, Phường Khương Mai, Quận Thanh Xuân, Hà Nội','fe0abbc4-b383-4de5-8a7b-a279495939be','CTMB','[\"Tòa nhà Artemis, số 3 Lê Trọng Tấn với 4 mặt tiền được tọa lạc tại vị trí đắc địa: Ngã tư Trường Chinh, Tôn Thất Tùng, Lê Trọng Tấn. Với 8 tầng thương mại văn phòng được thiết kế hiện đại, dịch vụ tối ưu, phù hợp làm Ngân hàng, Văn phòng đại diện, Cửa hàng nước giải khát.\",\"1. Vị trí:\",\"Tòa nhà Artemis tại ngã tư Lê Trọng Tấn, Trường Chinh giao Tôn Thất Tùng,vị trí đắc địa trung tâm quận Thanh Xuân.\",\"- Đối diện Bệnh viện đại học Y Hà Nội\",\"- Đối diện bảo tàng Phòng Không Không Quân\",\"- Ngã tư sở: cách 200m\",\"- Bến xe Giáp Bát: cách 2km\",\"- Hồ Hoàn Kiếm: cách 6km\",\"- Cầu Vĩnh Tuy: cách 4km\",\"2. Tổng quan:\",\"Tổng diện tích sàn thương mại, văn phòng: 36.000 m2, view rộng, thoáng, tầm nhìn siêu đẹp bao quanh Hà Nội\",\"- Diện tích 1 sàn: 4.500 m2\",\"- Diện tích cho thuê linh hoạt từ 60-80-100-150-200-500-1000-2000-3000-4000 m2 theo nhu cầu sử dụng của khách hàng\",\"- Số lượng thang máy: 08 thang máy tốc độ cao\",\"- Tầng hầm để xe: 03 tầng hầm rộng 10.000 m2\",\"- Sảnh văn phòng và thương mại theo tiêu chuẩn văn phòng hạng B, có lễ tân hướng hướng dẫn từ 08h15 17h15\",\"- An ninh bảo vệ: 24/24 trực tất cả các ngày trong tuần\",\"- Hệ thống điều hòa Chiller tòan bộ 8 tầng văn phòng thương mại\",\"- Vệ sinh chuyên nghiệp, sạch sẽ,\",\"- Chăm sóc khách hàng, Kỹ thuật hỗ trợ 24/7\",\"- Hệ thống PCCC hiện đại theo tiêu chuẩn mới nhất.\",\"3. Giá thuê: 350.000 m2/tháng\",\"4. Liên hệ:\",\"- Khách hàng thuê có nhu cầu liên hệ trực tiếp Chủ đầu tư: Ms Thu 0987878949\",\"- Hoa hồng hấp dẫn từ 1,2 - 2 tháng tiền thuê cho đối tác môi giới.\"]','3fc1078d-8739-4888-9891-981126bad267','d9e39f3b-dbb6-4636-94de-c96d7901a7e7','42f3725f-6d92-437f-9c3a-0bc5c31588bb','2024-06-07 08:34:32','2024-06-07 08:34:32'),('d392348c-944f-4b3a-b405-2f0d7e79a212','PHÒNG TRỌ MỚI SỬA 7/2022 48/13 LƯƠNG THẾ VINH, Phường TÂN THỚI HÒA, TÂN PHÚ (GẦN ĐẦM SEN)','5','CNOP','Địa chỉ: 48/13 Đường Lương Thế Vinh, Phường Tân Thới Hòa, Quận Tân Phú, Hồ Chí Minh','d4428a05-3f09-4cf4-bbb6-d76d37b5c724','CHPT','[\"Giá Phòng từ 1700k đến xem đảm bảo ưng ý, cam kết hình đúng với thực tế\",\"Phòng mới sửa chữa cuối tháng 7/2022, địa chỉ 48/13 Lương Thế Vinh Phường Tân Thế Hòa, Q.Tân Phú, nhà hẽm xe hơi lộ giới 5m .\",\"Diện Tích 12m + 8m ( gác lững )\",\"Phòng có tolet riêng, cửa sổ, ban công, có phòng dưới trệt\",\"Cho nấu ăn trong phòng, Ở được 2-4 người, bạn bè lại chơi thoãi mái.\",\"Miễn phí internet, wifi, truyền hình cáp, Camera 15 cái ( an ninh quan sát không góc chết )\",\"Để xe trong sân nhà thoáng mát có bảo vệ coi 24/24\",\"Vị trí gần Đầm Sen, thuận tiện qua lại Q.6, Q.11, Tân Phú\",\"Điện 3,5k/ 1 ký, nước 70k / 1 người, xe 100k/ 1 chiếc .\",\"Xe để sân sau nhà có người quản lý và trông coi ( không chung chủ ) giúp bạn có cảm giác an toàn, thoải mái\",\"LH : 0938.864.405 ( Cường )\"]','ca6a15f0-a9c9-4b6d-a69c-ab049e43e22f','7465508d-443a-4ad9-a128-854368c21740','4658aa0b-710d-4da8-b043-09294cc0bc02','2024-06-07 08:40:43','2024-06-07 08:40:43'),('d39aaaaf-a2fa-40f1-a8ff-a372eebb2211','Căn hộ mini đầy ấp ánh sáng mới tinh sát lotte Q7','0','CQA7','Địa chỉ: Đường Nguyễn Thị Thập, Phường Tân Phong, Quận 7, Hồ Chí Minh','de1b596f-0c2c-452b-8091-9ae61e3e5bb9','CTCH','[\"Mới Tinh Full Nội Thất Ngay đường Nguyễn thị thập, khu tân quy đông đi vào quận 7\",\"Nội thất cao cấp và đầy đủ, chỉ việc xách vali vào ở\",\"Không gian điểm nhấn thiết kế phong cách nhẹ nhàng sang trọng mang đến cho khách hàng sự an yên\",\"Nằm trong khu sầm uất, gần nhiều hàng quán, coffee, chợ, cửa hàng tiện lợi trong bán kính 500m.\",\"⏰Giờ giấc tự do, không chung chủ.\",\"Thuận tiện đi lại giữa các quận\",\"Liên hệ: 0777.077.612 (gọi trực tiếp hoặc nhắn tin zalo)\",\"#chothue #chothuequan7 #canhomini #himlam #chothuephong #chothuecanhomini #chungcu\"]','928ce5fd-bf76-4477-bc82-2c52b454f921','9e382d43-7e01-450c-8ec6-2c7cf67a1ac5','56c71713-38f1-4049-91a1-3ffd804e67f5','2024-06-07 08:26:44','2024-06-07 08:26:44'),('d499b0d6-d048-4066-8f99-d1e1b2071c77','Cho thuê nhà nguyên căn tại Ngõ Gốc Đề','0','CAHA','Địa chỉ: Phường Hoàng Văn Thụ, Quận Hoàng Mai, Hà Nội','57a0034b-e4d1-4362-8075-5cffc88ec5d4','NCT','[\"Địa chỉ: Ngách 15/47 ngõ Gốc Đề\",\"Diện tích đất 30m2.\",\"4 tầng, 1 tum rộng rãi để phơi phóng\",\"Mặt tiền 4,3m\",\"Chủ nhà có mong muốn cho hộ gia đình thuê để giữ nhà.\",\"Liên hệ: 0979698768 (vui lòng nhắn tin Zalo trước khi gọi điện)\"]','5b866693-8d99-475f-9f82-041478a8cc21','c82c5da2-b72d-4054-b685-38ae56704f8d','db580d04-c83c-47d5-8bbe-141a2c205f21','2024-06-07 08:38:53','2024-06-07 08:38:53'),('d5d1374c-52d1-46aa-86c9-54ee48d89080','Căn Hộ Đầy Đủ Nội Thất Cao Cấp - Thoáng Mát - Ngay Công Viên Phần Mềm Quang Trung','0','CUAN','Địa chỉ: Đường Tô Ký, Phường Trung Mỹ Tây, Quận 12, Hồ Chí Minh','81c4b470-82e5-4fe4-9908-ce242cdc4052','CTCH','[\"CHO THUÊ CĂN HỘ DỊCH VỤ FULL NỘI THẤT CAO CẤP TẠI QUẬN 12\",\"Trung Mỹ Tây 14A, phường Trung Mỹ Tây, quận 12\",\"5.000.000 - 5.500.000 (studio full nội thất)\",\"Nội thất bao gồm: tủ lạnh, bàn ghế, giường nệm, tivi, kệ bếp tủ bếp, tủ quần áo, máy giặt riêng, máy lạnh, bếp từ đơn/đôi (tùy phòng)\",\"Vị trí:\",\"- Gần bến xe An Sương, siêu thị, khu ăn uống, gần chợ\",\"- Hẻm thông các đường lớn, có nhiều toà nhà sát bên\",\"- Khu nhân viên văn phòng, sinh viên rất yên tĩnh, thoải mái.\",\"Căn hộ rộng, đẹp, mới, sang trọng, thông thoáng, đầy đủ tiện nghi, có các phòng ngủ bên trọng cực thoải mái.\",\"Có thang máy, wifi riêng từng phòng, nước nóng lạnh\",\"Hầm xe có bảo vệ trông coi 24/7\",\"Giờ giấc tự do, chìa khóa riêng và có thẻ từ, không chung chủ.\",\"Chi phí khác:\",\"Điện: 4000đ/kwh\",\"Nước: 100k/người\",\"Xe: 100k/xe\",\"Phí dịch vụ: 170k/phòng\",\"Liên hệ Trang: 0707.142.793 (call/zalo) để được tư vấn và hỗ trợ xem phòng trực tiếp\"]','0df1eb4d-4a26-4249-88ea-a3766c08c8ea','6330bfd5-9b3a-4bfa-a534-61dd334d64b4','e3f04fc5-4ccf-499c-b7b2-838c79bf051b','2024-06-07 08:36:27','2024-06-07 08:36:27'),('d8b52696-79fe-4fa2-b8da-dc03d679accf','Phòng Cho Nam Trong Chung Cư Cao Cấp','5','CNNA','Địa chỉ: 57 Quốc Lộ 13, Phường 26, Quận Bình Thạnh, Hồ Chí Minh','864d3867-f99b-4885-969b-65f56cde9a3c','CTCH','[\"Cho Nam share phòng trong căn hộ 3PN 120m2 :\",\"2 ban công, 2 wc\",\"Full NT ( Máy nước nóng, máy lạnh, giường, tủ, bếp, tủ lạnh, máy giặc cửa ngang mới, phòng khách & phòng bếp )\",\"Tầng 3 nội khu : hồ bơi, phòng gym, khu sinh hoạt cộng đồng, spa & coffee , quán ăn\",\"Tầng trệt : Siêu thị win mart , anh văn Việt Mỹ\",\"Chung cư mặt tiền, sảnh ra vào rộng rãi\",\"- có chỗ đậu oto & xe máy trên sảnh\",\"- 2 hầm xe rộng rãi\"]','51631c71-ec6b-4c5c-b690-7c6fbfc884a2','cce51363-1d0f-4a85-8afd-6cdd514a3852','d499a686-0262-419c-ba37-d31798fb4a48','2024-06-07 08:26:44','2024-06-07 08:26:44'),('d8c22ad6-3c25-4915-8491-f1da0c3dbd7a','Khai Trương Từng Bừng CHDV Mới','2','CUNN','Địa chỉ: Nguyễn Văn Săng, Phường Tân Sơn Nhì, Quận Tân Phú, Hồ Chí Minh','733f05e7-8de5-4e42-bb8c-726223e65734','CTCH','[\"* Tưng Bừng Khai Trương CHDV Mới *\",\"- Địa Chỉ: Nguyễn Văn Săng, Phường Tân Sơn Nhì, Phú Nhuận\",\"- Thích hợp ở gia đình, Kinh doanh onl,...\",\"- Phòng có ban công lớn, và cửa sổ thoáng mát\",\"- 3 loại phòng studio, 1pn1pk , 2pn 1pk\",\"- Giá : 2pn ban công ngoài , -8tr\",\"2pn ban công trong 7tr5\",\"1pn ban công ngoài 6tr5\",\"1pn ban công trong 6tr\",\"- Có 1 máy lạnh, thêm ml thêm 500k\",\"Lh/Zalo: 0937475715 hoặc ib để được tư vấn hỗ trợ xem phòng trực tiếp\"]','4790ba5a-1a05-40d6-ace1-085ab00259cd','ddaf672f-01af-4d08-bf60-b64085e71e36','80cb1cc8-93f7-4869-bb58-c85f3ff5d8f6','2024-06-07 08:26:44','2024-06-07 08:26:44'),('dc33e676-a8fa-4099-9490-c66b8edc7be3','Cho thuê nhà Nguyên căn – Văn phòng Căn Góc đường Xe Hơi Trương Công Định, P.14, Q.Tân Bình, DT: 8x14m','0','CNHH','Địa chỉ: 62/1A Đường Trương Công Định, Phường 14, Quận Tân Bình, Hồ Chí Minh','7ae68c4c-bad7-4239-a67e-64da22ce7c3f','NCT','[\"Nhà Nguyên căn – Văn phòng Căn Góc 62/1A Trương Công Định, P.14, Q.TB\",\"Tôi chính chủ cần cho thuê nhà nguyên căn tầng trệt thiết kế hiện đại ngay góc ngã ba đường xe Hơi Khu Phân Lô Bàu Cát, Phường 14, Quận Tân Bình.\",\"•+ Địa chỉ: 62/1A-B Trương Công Định, Phường 14, Quận Tân Bình, TP.HCM.\",\"•+ Diện tích: Ngang 8m x Dài 14m (112 m2)\",\"️ Vị trí thuận tiện : Ngay khu Bàu Cát, gần ngã ba Trường Chinh – Trương Công Định, Quận Tân Bình, Sát ETOWN cộng hòa, Bệnh Viện Mỹ Đức, chợ Võ Thành Trang (Bà Quẹo), gần nhiều tòa cao ốc văn phòng, công ty và nhiều trường đại học ….\",\"️ Tiện ích :\",\"+ Mặt tiền tầng trệt bề ngang lớn 8m đã được thiết kế riêng biệt gồm 02 Phòng lớn với vách ngăn, trần, kính cường lực hiện đại đẹp và sang trọng, có sân để xe có mái che, có WC riêng.\",\"️ Thích hợp để ở, để kinh doanh online, mở văn phòng đại diện công ty, Văn Phòng làm việc hay kinh doanh nhiều ngành nghề …\",\"Giá rất hợp lý: 17 Triệu/tháng (Giảm sâu và cam kết không tăng giá)\",\"️️Liên hệ : 0937.554.570 A. Hoàng\",\"Từ Khoá: cho thuê nguyên căn quận Tân Bình, cho thuê tầng trệt khu Bàu Cát quận Tân Bình, Nhà cho thuê làm văn phòng quận Tân Bình, Văn phòng cho thuê hcm, văn phòng cho thuê quận Tân Bình, cho thuê văn phòng khu bàu cát. Cho thuê mặt bằng hcm, mặt bằng cho thuê hcm, cho thuê mặt bằng quận Tân Bình, Cho thuê mặt bằng Trương Công Định, mặt bằng cho thuê tân bình, mặt bằng cho thuê quận tân bình, cho thue mat bang hcm, mat bang cho thue hcm, mat bang cho thue tan binh …\"]','7d752db5-edcc-4ce2-a106-12b7ee3e5227','c8074167-936a-46e1-91fa-d7e61f3ffa09','c13ea94c-7770-4a40-8a30-911cb801d346','2024-06-07 08:38:53','2024-06-07 08:38:53'),('e07aec67-9706-484e-87ee-e7aac2c3cd88','Chính chủ cần bán hoặc cho thuê nhà tại Thuận An, Bình Dương','2','CHHA','Địa chỉ: Phường An Phú, Huyện Thuận An, Bình Dương','e9e66ed2-d159-414c-871a-94e7d63608d1','NCT','[\"Do có việc chuyển công tác lên SG nên gia đình tôi cần bán hoặc cho thuê nhà diện tích 363m2, phường An Phú, Thuận An. Bình Dương. Hiện tại ngoài căn nhà đang ở thì còn có thêm 20 phòng trọ sát bên cho thuê.\",\"Giá bán là: 10 tỷ\",\"Giá cho thuê: 20 triệu/tháng\",\"LH: 0947776788\"]','50833f47-ac61-4be4-8d04-42ac01bd7f83','d56f1a7b-5045-46ac-bf13-6c3a867e42e0','496929dc-d9af-4315-888f-2c6df99d7fa7','2024-06-07 08:38:53','2024-06-07 08:38:53'),('e27b853f-b2dd-4a58-805a-2edb9cea1d19','Mặt bằng đẹp cho bán đồ ăn đường vào sân bay','0','CHTH','Địa chỉ: Đường Duy Tân, Phường Hòa Thuận Tây, Quận Hải Châu, Đà Nẵng','ee725b0a-c391-4e09-83d6-af2bcbebf3e4','CTMB','[\"Mặt bằng đẹp cho bán hàng ăn sáng trưa, chiều, tối, khuya. Trên đường vào và gần sân bay, nơi có hàng nghìn người có nhu cầu ăn(vì trong sân bay quá đắt) gồm hành khách đi mb, nhân viên sân bay, taxi, grab...mùa covid vẫn bán cả trăm xuất. Mặt tiền có thể sử dụng 7,5m. Vỉa hè 6m. Giá 4 tr/tháng, hợp đồng 1 năm, cọc 1 tháng, trả tiền hàng tháng. Lh a cường 0888880132.\"]','687d6284-cc98-450a-b621-773f1079e827','6b83f647-8ea4-461e-b20c-e15fffb3d2cc','d18bb745-0953-4ba4-9281-98725d99fd72','2024-06-07 08:34:32','2024-06-07 08:34:32'),('e38db1df-00c3-4d47-8374-bcfa056b50b3','Nhà nguyên căn 1 trệt HXH 8M 269/45 Phan Huy Ích, P.14, Q.Gò Vấp, DT: 4X14M, 2PN - Tiện ở, Làm VP hoặc KD Online','0','CONP','Địa chỉ: 269/45 Phan Huy Ích, Phường 14, Quận Gò Vấp, Hồ Chí Minh','10de59f3-39a5-461a-babf-ad19601681b1','NCT','[\"Cho thuê nhà nguyên căn thiết kế đẹp hoàn hảo hẻm 1 trục xe tải 8m 269/45 Phan Huy Ích, Phường 14, Quận Gò Vấp, TP. HCM. (Hẻm 1 trục 2 xe hơi tránh nhau cách Phan Huy Ích 50m)\",\"- DT: 4 x 14m, gồm: 1 trệt.\",\"+ 2 Phòng ngủ rộng thiết kế rất đẹp mới hoàn toàn, WC riêng\",\"+ Phòng khách hoặc mặt bằng để mở văn phòng kinh doanh rất rộng rãi.\",\"+ Nhà thiết kế sang trọng, hiện đại, cửa, cầu thang gỗ sang trọng.\",\"+ Khu dân cư an ninh, đông đúc, hẻm rộng 8m ô tô ra vào thoải mái.\",\"+ Rất tiện lợi cho gia đình ở, mở văn phòng công ty hay kinh doanh online ...\",\"Giá chỉ: 7.5 triệu/tháng (hình ảnh thật).\",\"LH: 0937554570 A. Hoàng.\",\"Tìm kiếm theo từ khóa: Cho thuê nhà phường 14 quận Gò Vấp , Cho thuê nhà đường Phan Huy Ích , Cho thuê nhà đường Phan Huy Ích quận Gò Vấp , Cho thuê nhà phường 14 , Cho thuê nhà đường Phan Huy Ích phường 14, Cho thuê nhà quận Gò Vấp, Nhà cho thuê Quận Gò Vấp, cho thue nha quan go vap.\"]','9fae4f36-e31a-4a3a-928d-da7fd5bf3fd0','6aea20c5-2b43-41f4-9ba6-34a9984a599f','df779878-855a-4dd6-bf7c-84602cfe5878','2024-06-07 08:38:53','2024-06-07 08:38:53'),('e72ed181-993d-4c6a-9b1c-612c25c08970','Chỉ 3.9 Triệu, Phòng Rộng Rãi, Đầy Đủ Nội Thất Cơ Bản, Giảm ngay 10% tiền nhà tháng đầu!','4','CNOI','Địa chỉ: 74 Đường Xuân Diệu, Phường 4, Quận Tân Bình, Hồ Chí Minh','905bc200-cd59-403f-8c73-612b958a9561','CHPT','[\"CÒN DUY NHẤT 1 PHÒNG CÓ NỘI THẤT ĐẦY ĐỦ.\",\"GIÁ CHỈ 3 TRIỆU 900K\",\"Mình chính chủ cho thuê nha!\",\"————————————————\",\"MÔ TẢ PHÒNG\",\"- Phòng rộng rãi, thoáng mát, có gác, có cửa sổ lớn.\",\"- Full nội thất: tủ quần áo, gối nệm, máy lạnh, kệ bếp, WC riêng...\",\"- Có chỗ để xe, giờ tự do, không chung chủ.\",\"- Camera 24/24, cửa khoá vân tay, KV an ninh.\",\"————————————————\",\"VỊ TRÍ:\",\"- Gần Sân Bay Tân Sơn Nhất chỉ 5 phút.\",\"- Ngay sát bên Trường Cao Đẳng Lý Tự Trọng TPHCM.\",\"- 1 phút tới Trường Trung cấp Tài Chính - Kế Toán\",\"- 5 phút tới Trường ĐH Tài Chính Marketing\",\"- 7 phút tới Trường ĐH Bách Khoa.\",\"- 2 phút ra Chợ Hoàng Hoa Thám và Coop Food.\",\"- Di chuyển qua Phú Nhuận, Quận 10 chỉ 5-7 phút.\",\"- Bước xuống đường là vô vàn tiện ích, quán ăn khắp nơi.\",\"————————————————\",\"CHI PHÍ SINH HOẠT:\",\"- Điện 3.500/kw\",\"- Nước 100.000/người\",\"- Chỗ để xe Free\",\"- Có Wifi đầy đủ.\",\"————————————————\",\"“CAM KẾT HÌNH THẬT, NẾU HÌNH KHÔNG ĐÚNG TẶNG NGAY 2 TRIỆU VÌ CÔNG ĐẾN XEM”\",\"————————————————\",\"Địa chỉ: 74 Xuân Diệu, P.4, Tân Bình\",\"Xem phòng liên hệ mình chủ nhà nhé!\",\"(Có hoa hồng tốt cho MG, miễn đăng tin quảng cáo)\"]','626a4b25-88ef-4aef-bec8-2b67235fb724','8c62b16c-fc00-47e6-a643-c786396ab262','ed04bbdf-aafd-4a1e-891e-c5cb7a3c1c75','2024-06-07 08:40:43','2024-06-07 08:40:43'),('e9d778ac-8abf-4781-bed2-eea7037b80a5','Căn hộ mini khu Nguyễn Gia Trần Não trung tâm Quận 2. DT từ : 21m2 - 36m2, giá từ 4.1tr -7.6tr','3','CACP','Địa chỉ: 21 Đường số 10, Phường Bình An, Quận 2, Hồ Chí Minh','059fe412-55d1-47db-8abf-d1a1e4b0a818','CTCH','[\"CHO THUÊ CĂN HỘ MINI DIỆN TÍCH TỪ TỪ : 21M2 - 40M2, MỚI GIÁ TỐT TẠI TRUNG TÂM QUẬN 2- ĐƯỜNG 10 TRẦN NÃO, F BÌNH AN. Q 2; Tp . HCM\",\"GIÁ THUÊ THỪ:  4.1 Triệu/Tháng đến 7.6 Triệu/Tháng\",\"Nhà ở yên tĩnh, mới , đẹp, an ninh, kết nối thuận tiện các quận vùng lân cận như Q1, Q BÌNH THẠNH, Q3,Q1, THỦ ĐỨC , Q9…\",\"Tiện ích: Cho quý khách chọn căn hộ mini phường Bình An, Quận 2, HCM.\",\"Chọn nhà ở ngay gần đường Trần Não Trung Tâm Quận 2; Tp. HCM là quý khách sở hữu nhiều tiện ích như:\",\"- Gần công viên thuận tiện cho việc rèn luyện sức khỏe và thư giãn hàng ngày\",\"- Gần chợ, siêu thị, TT thương mai, chợ, quán cà phê , nhà hàng…\",\"- Gần bệnh viện , TT y tế, phòng khám…\",\"- Gần trường học, công, tư thục, quốc tế, trường năng kiếu ; trường Đại Học …\",\"- Gần các trung tâm ngoại ngữ; Ngân Hàng; Phòng Công chứng …\",\"Nhà thuê ở đường 10 phường Bình An mới 100%, khu nhà ở thoáng mát hành lang rộng chuẩn với 1 thang máy, 1 thang bộ, hệ thống PCCC, camera an ninh,kiểm soát kĩ cửa ra vào mỗi phòng,có bảo vệ giữ xe,có máy giặt ,phòng rộng có cửa sổ thông, thoáng mát,có chỗ phơi đồ riêng mỗi phòng, có bếp, có bồn rửa chén, phòng tắm rộng đầy đủ tiện nghi, wifi miễn phí.\",\"Quý khách sẽ hài lòng khi chọn thuê nhà an cư tại trung tâm Quận 2 Tp. HCM.\",\"Liên hệ xem nhà hoặc cần thêm thông tin vui lòng gọi số: 093 116 22 55\"]','72dfbbf4-e16a-4e7d-8298-dae174f48458','34631559-acc6-46a1-ad9f-3a27769d64be','bb9de258-4a71-45fd-9d9c-faa3f390536b','2024-06-07 08:36:27','2024-06-07 08:36:27'),('ea1c200b-695b-492b-bfdf-19819e2fb654','MẶT BẰNG NGUYỄN DUY DƯƠNG Q5 GIÁ RẺ','0','CUM5','Địa chỉ: 97D Đường Nguyễn Duy Dương, Phường 9, Quận 5, Hồ Chí Minh','ac86345b-6043-4874-84ec-7626c3bb77e9','CTMB','[\"MẶT BẰNG NGAY MẶT TIỀN 97D NGUYỄN DUY DƯƠNG Q5\",\"Ngay chợ An Đông\",\"Gần siêu thị COORMARK AN ĐÔNG, gần các bến xe\",\"Nhà mới dọn vô ở liền\",\"Phù hợp kinh doanh nhiều ngành nghề\",\"Có chỗ ngủ lại\",\"Wc riêng\",\"GIÁ CẢ THƯƠNG LƯỢNG\",\"LIÊN HỆ 0936100103 A SỸ ĐỂ XEM MẶT BẰNG\"]','66e3a152-bdcb-44ac-bb09-5b38422de2ec','f046e0fe-a25c-4fa4-82a3-5229381a9791','e68da45b-c823-47b1-a8fa-89a1316bd777','2024-06-07 08:34:32','2024-06-07 08:34:32'),('ebb192e1-20e4-4028-af5d-74360cb92b54','Căn hộ full NT 40m2 ngay D1 Bình Thạnh','0','CNHT','Địa chỉ: 156 Đường D1, Phường 25, Quận Bình Thạnh, Hồ Chí Minh','1953b5d3-d66a-4adf-a672-8f2158705ad7','CTCH','[\"️️ MỘT SIÊU PHẨM ĐỈNH CỦA CHÓP Ở D1 P.25 Q.BÌNH THẠNH ️️\",\"156 Nguyễn Văn Thương (A22 D1), Phường 25, Quận Bình Thạnh\",\"Phòng diện tích 40m2 ,nội thất siêu hiện đại\",\"Nhà có hầm gửi xe, cửa cuốn an ninh, có thang máy.\",\"Phòng tiện nghi : Giường, nệm, tủ quần áo siêu to , siêu khổng lồ, tủ lạnh, máy lạnh, bàn ăn, thảm lông, toilet riêng hiện đại.\",\"Vị trí thuận lợi: gần các siêu thị, trường học, bệnh viện, ô tô có thể vào tận nhà.\",\"View landmark 81.\",\"GIỜ GIẤC TỰ DO, không chung chủ.\",\"Chỉ tính tiền điện, nước, wifi.\",\"Free Máy giặt, vệ sinh, để xe free, hỗ trợ kĩ thuật free.\",\"Tất cả các phòng đều mới 100%, thoáng mát\",\"LH hải 0933598239\"]','e17fda76-a096-4049-b7e6-94898e1af3c2','956271fc-f8f0-4c9c-9276-bb51b95c7473','9ce633b0-d5a9-47b6-a4a0-122b4bbb5545','2024-06-07 08:36:27','2024-06-07 08:36:27'),('ec901685-7f6e-4ee1-844f-b502e4481b06','Căn hộ mini khu Nguyễn Gia Trần Não trung tâm Quận 2. DT từ : 21m2 - 36m2, giá từ 4.1tr -7.6tr','3','CACP','Địa chỉ: 21 Đường số 10, Phường Bình An, Quận 2, Hồ Chí Minh','b3f87ece-0c85-4017-a649-cd47c2fb805e','CTCH','[\"CHO THUÊ CĂN HỘ MINI DIỆN TÍCH TỪ TỪ : 21M2 - 40M2, MỚI GIÁ TỐT TẠI TRUNG TÂM QUẬN 2- ĐƯỜNG 10 TRẦN NÃO, F BÌNH AN. Q 2; Tp . HCM\",\"GIÁ THUÊ THỪ:  4.1 Triệu/Tháng đến 7.6 Triệu/Tháng\",\"Nhà ở yên tĩnh, mới , đẹp, an ninh, kết nối thuận tiện các quận vùng lân cận như Q1, Q BÌNH THẠNH, Q3,Q1, THỦ ĐỨC , Q9…\",\"Tiện ích: Cho quý khách chọn căn hộ mini phường Bình An, Quận 2, HCM.\",\"Chọn nhà ở ngay gần đường Trần Não Trung Tâm Quận 2; Tp. HCM là quý khách sở hữu nhiều tiện ích như:\",\"- Gần công viên thuận tiện cho việc rèn luyện sức khỏe và thư giãn hàng ngày\",\"- Gần chợ, siêu thị, TT thương mai, chợ, quán cà phê , nhà hàng…\",\"- Gần bệnh viện , TT y tế, phòng khám…\",\"- Gần trường học, công, tư thục, quốc tế, trường năng kiếu ; trường Đại Học …\",\"- Gần các trung tâm ngoại ngữ; Ngân Hàng; Phòng Công chứng …\",\"Nhà thuê ở đường 10 phường Bình An mới 100%, khu nhà ở thoáng mát hành lang rộng chuẩn với 1 thang máy, 1 thang bộ, hệ thống PCCC, camera an ninh,kiểm soát kĩ cửa ra vào mỗi phòng,có bảo vệ giữ xe,có máy giặt ,phòng rộng có cửa sổ thông, thoáng mát,có chỗ phơi đồ riêng mỗi phòng, có bếp, có bồn rửa chén, phòng tắm rộng đầy đủ tiện nghi, wifi miễn phí.\",\"Quý khách sẽ hài lòng khi chọn thuê nhà an cư tại trung tâm Quận 2 Tp. HCM.\",\"Liên hệ xem nhà hoặc cần thêm thông tin vui lòng gọi số: 093 116 22 55\"]','ea569644-1a2a-41a8-b1d0-08f24047fe0c','f2ffbf34-42b3-4174-915b-52b0c181f23b','ab63a5c1-ecd0-446c-b5a9-3407f9221f2b','2024-06-07 08:26:44','2024-06-07 08:26:44'),('ed7f9785-5ac6-4af0-9c30-3b78444b5d2b','Cho thuê nhà số 24 ngõ 182 Bạch Đằng, Chương Dương, Hoàn Kiếm','0','CAHE','Địa chỉ: 24 ngõ 182 Bạch Đằng, Phường Chương Dương Độ, Quận Hoàn Kiếm, Hà Nội','52989763-4139-4090-8a2c-f18d0f6f892b','NCT','[\"Cho thuê nhà 3,5 tầng, phù hợp với hộ gia đình: 3 phòng ngủ, 2 wc.\",\"Đầy đủ các tiện ích xung quanh nhà: chợ, siêu thị, trường học, ngân hàng. Ngõ thông 2 đường Bạch Đằng - Hồng Hà. Cách hồ Hoàn Kiếm 1km.\"]','01d31b81-b5c9-4977-b8d0-603e627ad41d','7b044a5d-be5e-44ae-872f-c9d56d706791','35fc9c66-a687-48a6-a9ab-323d3255e647','2024-06-07 08:38:53','2024-06-07 08:38:53'),('f03fb06a-ce3c-481e-82b5-1bd015e68dbd','Cho thuê nhà mặt tiền 24 Bùi Công Trừng, Đông Thạnh, Hóc Môn','0','COHN','Địa chỉ: Bùi Công Trừng, Xã Đông Thạnh, Huyện Hóc Môn, Hồ Chí Minh','76a74f33-bda6-454a-a8de-7bb8bd56dce5','NCT','[\"Chính chủ, cần cho thuê nhà mặt tiền\",\"Địa chỉ: 24 Bùi Công Trừng, Đông Thạnh, Hóc Môn\",\"Diện tích: 3.5 x 9, xây 1 trệt 2 lầu.\",\"Trệt trống suốt có 1 WC\",\"Lầu 1&2 : mỗi lầu 1 phòng ngủ và 1 phòng khách, 1 WC\",\"Giá thuê: 6 triệu/ tháng, cọc 2 tháng.\",\"Cho thuê ngắn hoặc dài hạn đều được\",\"Vị trí: Gần chùa Pháp Bửu, gần nhà thờ, chợ, trường học, siêu thị mini... Trục chính kết nối Hóc Môn với Quận 12, Củ Chị và Gò Vấp.\",\"Phù hợp kinh doanh: Salon tóc, spa, shop, tiệm thuốc, văn phòng nhà đất, ở gia đình, ....\",\"Liên hệ: 0902.973.753 gặp a Thủ\"]','dcbf3e0f-0a33-46f6-bc08-ea04861e06f9','b07c7752-672b-4de8-bd0c-17f248fdfa1f','804ddd4d-c9c5-4679-9616-f6418b5cf913','2024-06-07 08:38:53','2024-06-07 08:38:53'),('f2da9ebb-3f79-4fc5-b49d-11c100141431','Căn hộ 1 phòng ngủ sát lotte full nội thất quận 7','0','CQA7','Địa chỉ: Phường Tân Quy, Quận 7, Hồ Chí Minh','8936014f-9532-47b9-9b4e-58abf42d8d55','CTCH','[\"Đặc điểm:\",\"+ Phòng rất rộng từ 25m2 - 35m2\",\"+ PHÒNG CÓ NỘI THẤT: máy lạnh, tủ áo, bàn ăn cơm, giường, nệm, quạt, tivi, tủ lạnh,....... căn hộ mini cho không gian sống lý tưởng.\",\"+ Có cửa sổ thông ra trời mát mẻ cả ngày, 1 số phòng có ban công phía ngoài.\",\"+ Giờ giấc tự do, về lúc nào cũng được.\",\"+ Không chung chủ\",\"+ Có máy giặt\",\"+ Wifi mạnh, Có chổ phơi đồ rộng rãi\",\"+ Cửa ra vào mở bằng vân tay, nhà xe có camera chống trộm 24/24\",\"+ Ngay Khu Biệt Thự dân trí cao, đường trước nhà rộng 16m, gần chợ, siêu thị, trung tâm.........\",\"+ Xem phòng đảm bảo thích ngay\",\"Liên hệ: An số điện thoại, hoặc nhắn tin zaloo nhé - 0777.077.612\",\"#chothue\",\"#canhomini\",\"#cănhominiq7\"]','1fe555fb-4a12-4716-9d2a-4ce86183e105','e1870eec-9426-4344-ba43-74abf6eb4802','4b687b2f-9c4e-4874-a5a4-327a660f76a8','2024-06-07 08:36:27','2024-06-07 08:36:27'),('f326fcad-cf2a-4ebe-81b6-637bb43eca39','CHO THUÊ MẶT BẰNG 4X16 , đường nội bộ 12 mét','0','CUM8','Địa chỉ: Đường Cao Lỗ, Phường 4, Quận 8, Hồ Chí Minh','e2e12df4-b9f4-4e44-8fb7-aca8ea58eab1','CTMB','[\"CHO THUÊ MẶT BẰNG 4X16, ĐƯỜNG NỘI BỘ 12 MÉT\",\"PHÍA TRƯỚC CÔNG VIÊN NỘI BỘ, THƯỜNG XUYÊN CÓ NGƯỜI QUA LẠI SINH HOẠT.\",\"ĐƯỜNG MẬT ĐỘ DÂN CƯ Ở ĐÔNG , XE CỘ LƯU THÔNG NHIỀU\",\"CÓ CHỖ ĐẬU OTO, VÀ BẾP NẤU RIÊNG VÀ TOLET RIÊNG.\",\"CÓ THỂ TĂNG THÊM DIỆN TÍCH KINH DOANH KHI CẦN THIẾT.\"]','9f9216fa-8164-4cb3-930b-65d46d197955','ca62b6a2-1154-48eb-b9cd-c8323d86f04c','d0bdb046-d0bf-46ef-b295-688f67c54b13','2024-06-07 08:34:32','2024-06-07 08:34:32'),('f524f942-80c3-4ef2-829f-71ec477e2a58','PHÒNG CHO THUÊ NGAY LOTTE Q.7 - CHỈ TỪ 3TR - BAO GIÁ TỐT - Alo 0988.373.731','4','CQP7','Địa chỉ: 80 Đường số 3, Phường Tân Kiểng, Quận 7, Hồ Chí Minh','8e0c87d9-7a1f-4d3d-a8b7-c99dc93b2a42','CHPT','[\"Các tiện ích chỉ có ở tại Fullhouse ngay Lotte Q.7. 100% cư dân đều đã chích vacxin 2 mũi và dân trí cao, tuân thủ 5K và pháp luật.\",\"Ngay Lotte Q.7 (đi bộ 2 phút đến đại siêu thị)! Alo ngay: 0988.373.731 Ms Hòa.\",\"Ngay dưới tòa nhà là \\\"Thiên đường Ốc\\\" đủ các món ăn ngon\",\"Căn phòng dành cho bạn thì đầy đủ tiện nghi, tiết kiệm điện và bảo vệ môi trường với hệ đèn LED - Nước nóng năng lượng mặt trời - Máy lạnh Inverter - WC và bếp riêng tiện nghi và tự do.\",\"Tòa nhà luôn được vệ sinh sạch sẽ để bảo vệ sức khỏa toàn bộ dân cư.Tòa nhà xài hệ thống NLMT và máy lạnh Inverter giúp tiết kiệm điện.\",\"Tòa nhà 8 tầng mới xây sạch,đẹp,văn minh thoáng mát, an ninh. Liền kề 5 phút đến Q1, Q4, Q5, Q8, Crescent Mall, SC Vivo, vị trí vàng đẹp Q. 7...Thuê chỗ ở bây giờ cần phải đảm bảo an toàn PCCC tuyệt đối. Tòa nhà căn hộ cho thuê cao cấp của chúng tôi có thẩm duyệt PCCC và đã nghiệm thu PCCC kèm theo bảo hiểm đảm bảo an toàn cho toàn bộ cư dân sống và làm việc tại đây, có an cư, an toàn mới lạc nghiệp.\",\"Giá từ 3.0 - 4.5 triệu/tháng, bao giá tốt khắp khu vực.\",\"Alo ngay: 0988.373.731 Ms Hòa.\",\"Đảm bảo 100% sự hài lòng.\",\"80 Đường Số 03, P. Tân Kiểng, Q. 7 - LH: 0988.373.731 Ms Hòa.\"]','74776c39-459b-4da1-9741-58b690a5882c','c616c992-db62-43d7-8d44-05f9f36961d1','349a1833-fac7-45f9-93ff-7b3ba94a4461','2024-06-07 08:40:43','2024-06-07 08:40:43'),('f977a33c-8612-4035-a859-c2748ed980e2','Cho thuê Căn hộ view sông SG nằm trong khu biệt thự Bình Lợi','2','CNNA','Địa chỉ: Đường Bình Lợi, Phường 13, Quận Bình Thạnh, Hồ Chí Minh','f8bf7641-3ae9-4a9f-934c-a1164c34a55e','CTCH','[\"CĂN HỘ NẰM TRONG KHU BIỆT THỰ BÌNH LỢI GIÁ CỰC HẤP DẪN\",\"Vị trí: Binh Lợi, Phường 13, Bình Thạnh\",\"Căn hộ view sông đón gió trời cực kỳ thoáng mát\",\"Mới Xây 100%\",\"Diện tích từ 30-60m2\",\"Có hầm xe rộng\",\"Thang máy hiện đại\",\"View sông Sài Gòn cực chill\",\"Giá hấp dẫn cho một căn hộ khu biệt thự chỉ từ 8tr8, 9tr3, 9tr8, 10tr, 10tr5, 11tr\"]','dd97cde4-99e9-434e-8b2d-d8b721f92ea2','34f9fc00-9f53-47c5-8fe8-839d7ea0d34e','10c5a3b6-3dd9-4f4a-b9ca-02c4d2ccfdcd','2024-06-07 08:36:27','2024-06-07 08:36:27'),('fca94bb4-45e0-43a7-b456-d293f134d2bd','CHO THUÊ PHÒNG TRỌ GIÁ SIÊU RẺ GẦN KHU CÔNG NGHIỆP POUYUEN','4','CNOT','Địa chỉ: 1665 Đường Tỉnh Lộ 10, Phường Tân Tạo A, Quận Bình Tân, Hồ Chí Minh','30dab980-0ca2-45c2-a79e-0f7340336886','CHPT','[\"+Gần khu công nghiệp Pouyuen và khu công nghiệp Tân Tạo\",\"+Có wifi\",\"+Có gác lửng rộng rãi với diện tích 4*1,97=7,88m2\",\"+Phòng trọ sạch sẽ\",\"+Diện tích 4m*3m=12m2\",\"+Có nước máy\"]','a00290c2-fa30-4199-9eac-9eefc43cb5c7','bc4ef8e0-658e-45d6-a240-8d36c40e44b0','f3e23a9f-5784-465e-b347-82c1f72579b8','2024-06-07 08:40:43','2024-06-07 08:40:43');
/*!40000 ALTER TABLE `posts` ENABLE KEYS */;
UNLOCK TABLES;

--
-- Table structure for table `sequelizemeta`
--

DROP TABLE IF EXISTS `sequelizemeta`;
/*!40101 SET @saved_cs_client     = @@character_set_client */;
/*!50503 SET character_set_client = utf8mb4 */;
CREATE TABLE `sequelizemeta` (
  `name` varchar(255) COLLATE utf8mb3_unicode_ci NOT NULL,
  PRIMARY KEY (`name`),
  UNIQUE KEY `name` (`name`)
) ENGINE=InnoDB DEFAULT CHARSET=utf8mb3 COLLATE=utf8mb3_unicode_ci;
/*!40101 SET character_set_client = @saved_cs_client */;

--
-- Dumping data for table `sequelizemeta`
--

LOCK TABLES `sequelizemeta` WRITE;
/*!40000 ALTER TABLE `sequelizemeta` DISABLE KEYS */;
INSERT INTO `sequelizemeta` VALUES ('create-attribute.js'),('create-category.js'),('create-image.js'),('create-label.js'),('create-overview.js'),('create-post.js'),('create-user.js');
/*!40000 ALTER TABLE `sequelizemeta` ENABLE KEYS */;
UNLOCK TABLES;

--
-- Table structure for table `users`
--

DROP TABLE IF EXISTS `users`;
/*!40101 SET @saved_cs_client     = @@character_set_client */;
/*!50503 SET character_set_client = utf8mb4 */;
CREATE TABLE `users` (
  `id` varchar(255) NOT NULL,
  `name` varchar(255) DEFAULT NULL,
  `password` varchar(255) DEFAULT NULL,
  `phone` varchar(255) DEFAULT NULL,
  `zalo` varchar(255) DEFAULT NULL,
  `fbUrl` varchar(255) DEFAULT NULL,
  `avatar` longblob,
  `createdAt` datetime NOT NULL,
  `updatedAt` datetime NOT NULL,
  PRIMARY KEY (`id`)
) ENGINE=InnoDB DEFAULT CHARSET=utf8mb4 COLLATE=utf8mb4_0900_ai_ci;
/*!40101 SET character_set_client = @saved_cs_client */;

--
-- Dumping data for table `users`
--

LOCK TABLES `users` WRITE;
/*!40000 ALTER TABLE `users` DISABLE KEYS */;
INSERT INTO `users` VALUES ('01d31b81-b5c9-4977-b8d0-603e627ad41d','Nguyen anh Tuan','$2a$10$O7DgsdCmaFaE1YSWjKSoGeV.nECCD2ieYl1H38M7cxkRBjBg.YpFO','0369259945','0369259945',NULL,NULL,'2024-06-07 08:38:54','2024-06-07 08:38:54'),('05274f26-e0a8-468f-aaed-c70696a06525','Văn Chung','$2a$10$OarwtmumgCX4yxzUer2iNORng.M8/sHNzF8xPKvpwsnakvBRRehwi','0896119779','0896119779',NULL,NULL,'2024-06-07 08:40:44','2024-06-07 08:40:44'),('0527806a-1a56-405e-a1c8-0ec201bec74b','Thanh Thơ','$2a$10$thwCeXE5cj3zdW7ih0flZemXekhOxz20XFWouhpeUBLNOUhiu/omu','0986411535','0986411535',NULL,NULL,'2024-06-07 08:36:27','2024-06-07 08:36:27'),('06cb0d52-2a88-4647-a0b5-c820691e2fc5','BÙI HÀ PHIẾU','$2a$10$bL/9pU5fiMVsmPqnO9vPSOWIl8yRlEmpIrZS5byLil1pqrBEgxLv.','0583165215','0583165215',NULL,NULL,'2024-06-07 08:26:45','2024-06-07 08:26:45'),('08ee34cd-df52-4844-8823-18d67f71a2fc','Nguyễn Hoàng Nhân','$2a$10$bQRCaCoL0xRnNOUmvWItnOOckqO7dN/IoPXfhNaJqwV3186N0x7fu','0937475715','0937475715',NULL,NULL,'2024-06-07 08:36:27','2024-06-07 08:36:27'),('0a44f313-be65-4eca-a61c-5fa1f2ddc912','Trương Đình Tiến','$2a$10$GFM00Y1W0Uk3yIO5qKD0duqnVt74doEYl2XxTixVNdfULvWH2g2Ri','0974422927','0974422927',NULL,NULL,'2024-06-07 08:26:45','2024-06-07 08:26:45'),('0d9126bd-8215-42a3-a165-532f97fe739f','Nguyễn Hoàng Nhân','$2a$10$V4/YiHcy.6wco/M0QTBxX.3svrR4sRfq58N6BMbmJk0BVQ.AozRsu','0937475715','0937475715',NULL,NULL,'2024-06-07 08:26:45','2024-06-07 08:26:45'),('0df1eb4d-4a26-4249-88ea-a3766c08c8ea','Thùy Trang','$2a$10$TDXi3nGaQAUZVkRRcwH8WejvDc4WOGfuvgQlwcbPXIBemtrRI7CKW','0707142793','0707142793',NULL,NULL,'2024-06-07 08:36:28','2024-06-07 08:36:28'),('0e27a143-50e5-4a54-abc7-8bf152aa2c9d','kenshin8522','$2a$10$cnySAU6nEeOJ6iIlIuIiqOHcDLQZ6m3K8vO0W.rIp4TMXo2hERccG','0906878018','0906878018',NULL,NULL,'2024-06-07 08:40:43','2024-06-07 08:40:43'),('105ac992-d2b5-43ed-8511-db6a24fe27f8','nhathuequan2','$2a$10$bckS2d0oR32dglx1FJjeAeUlM46r.A4gRSksCdwZlxJCn0gOQOQpS','0901396167','0901396167',NULL,NULL,'2024-06-07 08:38:55','2024-06-07 08:38:55'),('13c48107-88c2-48f8-a587-58eff1623e18','Loan','$2a$10$1nU7BkEAeKkX6Kp0mfHZXOrFIP.5nq.cU5bCi3tY6SJoEte203/q2','0978111919','0978111919',NULL,NULL,'2024-06-07 08:40:44','2024-06-07 08:40:44'),('15f72f19-7b0e-4105-9a2c-117b52f1bae0','Van Helen','$2a$10$C2lNFEDYu.S4HyhkBm8zN.0ApiJT3eooKQTkKgz/rbV.kTxrKtNZK','0902395366','0902395366',NULL,NULL,'2024-06-07 08:38:55','2024-06-07 08:38:55'),('16cb1e48-8cca-4a96-9a63-4839a274758d','diep quoc hung','$2a$10$5RiZGbH20ZUAcNcMJNdBpegopSaSwoNFotOwUQwRfXFqXyXPdUmtq','0908381668','0908381668',NULL,NULL,'2024-06-07 08:38:55','2024-06-07 08:38:55'),('19d806b1-2320-4b79-8a9b-057ba882ad06','An An','$2a$10$rsIbPkjRCpEwDsGKot3M6.9glaWpDIpFnfVgm/VYcXWTMVVAI25f2','0777077612','0777077612',NULL,NULL,'2024-06-07 08:36:29','2024-06-07 08:36:29'),('1b1c388b-f308-40d4-9b72-d96abbc0a11f','Nguyễn Hoàng Nhân','$2a$10$UBGi1lItS7Xdds4nPQ4hBeBpg7XaC7M3NAbCxycHl5..BTYUBoKRi','0937475715','0937475715',NULL,NULL,'2024-06-07 08:36:28','2024-06-07 08:36:28'),('1cb987e7-eff8-4d5f-9336-7a9d69471c00','Zin Tân Bình','$2a$10$tbC57fbP2S9RNlniU66xWeFqFz0Nk.6WqNUhYcMmsRPut1llVaWVO','0396042732','0396042732',NULL,NULL,'2024-06-07 08:26:46','2024-06-07 08:26:46'),('1fe555fb-4a12-4716-9d2a-4ce86183e105','An An','$2a$10$4lDlqN5/HwvwfkoVSfRzcuXx6xHVDH1UbLcCuB/47q8gl9KqPZ9Ci','0777077612','0777077612',NULL,NULL,'2024-06-07 08:36:28','2024-06-07 08:36:28'),('228e8b07-f11a-46cf-a823-2e87ae8030c7','Nguyễn Xuân Công','$2a$10$OAoyM6zKHJYkONOjAhgo0e6fB18SB5/L3EIRiVSZbHwohTxVNstTu','0936481998','0936481998',NULL,NULL,'2024-06-07 08:38:54','2024-06-07 08:38:54'),('2a1c2d3a-1ffc-41d8-a173-4a56c311a8d8','khang275 (*)','$2a$10$1pSsNe8vASoI4/o.4QtnGOk1IhqMqAzry4/03VT38iWYYJwsKJYJy','0938297275','0938297275',NULL,NULL,'2024-06-07 08:40:44','2024-06-07 08:40:44'),('2b4f2554-8bb2-4bf2-8fff-71b999926653','Nguyễn Trọng Đức','$2a$10$t9F6MFQC4myxoSBpHHWAy.nNMq.jwQN8zxKaptS.pDVPh0APEmXIG','0384015119','0384015119',NULL,NULL,'2024-06-07 08:38:54','2024-06-07 08:38:54'),('2b883657-baa3-4c07-b049-badb83045ebb','Thanh Thơ','$2a$10$zU50OBCbliyQDc857GKwGOe91HZv/.o1I19OqvNf3YgMrcYfLDrw2','0986411535','0986411535',NULL,NULL,'2024-06-07 08:26:45','2024-06-07 08:26:45'),('2c8f20ef-3988-449f-b7b0-2e8e141df456','Cao thi cuc','$2a$10$889EnbCSijdlc/724GXoXu2Sh4gIVfyYxUORDWm8C4fEcrmraGi.y','0909634270','0909634270',NULL,NULL,'2024-06-07 08:40:44','2024-06-07 08:40:44'),('2fd3a190-ca8d-4b46-9c8f-95fa93cd3d98','Khánh','$2a$10$DZ7qHbAmfsTQ1oi4E2difeUzfdzJwZE2p7/dw9pYCXJQSQiX08k0m','0949605388','0949605388',NULL,NULL,'2024-06-07 08:38:54','2024-06-07 08:38:54'),('323663f6-a554-409e-a864-262408efe197','thuy phan','$2a$10$WLkXXyTggh5u4EgCxANIuOg350/iQdNsIdfdLmb0pG3fEbE87Co6e','0913609230','0913609230',NULL,NULL,'2024-06-07 08:34:33','2024-06-07 08:34:33'),('3c639ade-5de6-4207-a0de-dbbad353adb1','Trịnh Phuc','$2a$10$6dM5xKvH4WSGHgfDuSvmMeUBP9L4X9UamLbJ.tUxso9rg7je6Zdk.','0931610338','0931610338',NULL,NULL,'2024-06-07 08:36:28','2024-06-07 08:36:28'),('3ce9e782-6fba-4495-ab28-49d0c2e6cacc','Trịnh Thị Ánh Tuyết','$2a$10$d3guyDWqF56WpCa7sLJ0jeGd/308tKvjRUa5erO7cLeeiH6impfZ6','0983612733','0983612733',NULL,NULL,'2024-06-07 08:34:32','2024-06-07 08:34:32'),('3fc1078d-8739-4888-9891-981126bad267','thutt89','$2a$10$BrLGF8qDJuW4SMN8eTN2qeSAZGlJMbLizATmWSV.VAIIqJvhJzpLy','0987878949','0987878949',NULL,NULL,'2024-06-07 08:34:33','2024-06-07 08:34:33'),('4790ba5a-1a05-40d6-ace1-085ab00259cd','Nguyễn Hoàng Nhân','$2a$10$BJM6ri37.EERRdjyqpbIU.0x2p99f1YSvUyqk2HwQlxNBGBJNSgRC','0937475715','0937475715',NULL,NULL,'2024-06-07 08:26:45','2024-06-07 08:26:45'),('4ceb3559-e5f5-4b51-ae6c-27be8ced33b2','Trần thanh hải','$2a$10$VSZA0N0yhMdjAU87Mh9Zhee6LtEBwuJ7v4r9u9Xl9mdJAK7T96PJG','0933598239','0933598239',NULL,NULL,'2024-06-07 08:26:45','2024-06-07 08:26:45'),('4f55c4c5-22b3-4465-b77e-01735e7c0ba5','Zin Tân Bình','$2a$10$0QSWVHRp5gLJ4MsGdEZCC.TvvQ9Ev04xNYabXTYLhvVAblfzNAKMW','0396042732','0396042732',NULL,NULL,'2024-06-07 08:36:28','2024-06-07 08:36:28'),('4f7d338b-ef19-4801-9566-e2ae7cad41ad','An An','$2a$10$nKvNGqACCITfBzFwPDSBFumYZvR44PHoynqsH/AENpGcXKniWaEiK','0777077612','0777077612',NULL,NULL,'2024-06-07 08:26:45','2024-06-07 08:26:45'),('50833f47-ac61-4be4-8d04-42ac01bd7f83','Phạm Tuấn Anh','$2a$10$gBiqFmr64pjDaKnkRNT/8uXdKhpv0l1dZDb/FnxGKKg0WDD46uMta','0947776788','0947776788',NULL,NULL,'2024-06-07 08:38:55','2024-06-07 08:38:55'),('51631c71-ec6b-4c5c-b690-7c6fbfc884a2','vylost297','$2a$10$w2TXnnYtM364NkA9qnskiuT.Gc3RyYe3O8yo2zhs8uOwYDsOoFmAa','0767326068','0767326068',NULL,NULL,'2024-06-07 08:26:45','2024-06-07 08:26:45'),('52e2fabf-e4c1-460f-8a18-ebf0b8cf167a','Ngô Trúc Quân','$2a$10$OBDCC/dJOrqmq9YTOU8U6.VbCOwjv7rV4wKM/tBVlZ/Mx3LxBZ8uG','0336643754','0336643754',NULL,NULL,'2024-06-07 08:36:29','2024-06-07 08:36:29'),('5353e61d-142a-4c0c-939d-bca8728b35bf','Phan Trọng An','$2a$10$LZlLJVbPQAgL19pqoauu4eDUiaHOi2cVml1syNGrUqrfLB3Sdh2Te','0393995122','0896430001',NULL,NULL,'2024-06-07 08:34:33','2024-06-07 08:34:33'),('53a5abac-51a1-4130-bfa8-fa99887455d9','TÂN','$2a$10$ZC6kBDEdAyv28EJ.o9QyaO7wyKSq.hJHIM.FjIxy0L0J5jXdwMhVi','0939273338','0939273338',NULL,NULL,'2024-06-07 08:34:33','2024-06-07 08:34:33'),('54917b6c-15cd-43c9-8504-4142a333857e','Ngô Trúc Quân','$2a$10$vbkjE8hX6/DfcRaCX0SCr.JD7TsGeqWmRBlMD61Ff9gDVXnZOm2oG','0336643754','0336643754',NULL,NULL,'2024-06-07 08:26:46','2024-06-07 08:26:46'),('5621f906-d555-4023-9d0d-f530eb94e32e','Nguyen Thi Bich Thuy','$2a$10$VFvtksY04nB0dHAyQb2cVO7IO26EVNBnw7zHfQX26VANcWw8WgHci','0983344682','0983344682',NULL,NULL,'2024-06-07 08:40:44','2024-06-07 08:40:44'),('5732f2f3-12fd-4d03-a021-2b1380578998','Nguyễn Hoàng Nhân','$2a$10$kybUEvc2BLb6aNu9hEAMA.ZdQLD9yR.m5Y/sUk4Zmewl6WGtKlVm6','0937475715','0937475715',NULL,NULL,'2024-06-07 08:36:28','2024-06-07 08:36:28'),('5845cbf7-189b-43e5-9480-66305c462aac','huỳnh huệ bình','$2a$10$KONTB7xF2DoqX6VL82mlV.hoTOx6DIV3VsOUp/O0XqonkVSrmnoPa','0909488724','0909488724',NULL,NULL,'2024-06-07 08:34:33','2024-06-07 08:34:33'),('5b866693-8d99-475f-9f82-041478a8cc21','Hoàng Dung','$2a$10$N5TUU9apEAlmU9aDeafr0OS41I9TR1A.BHD7AOKDyW/6QyP1udwqS','0979698768','0979698768',NULL,NULL,'2024-06-07 08:38:55','2024-06-07 08:38:55'),('5c026695-d07b-4e16-947c-5c3fa76d7925','nhathuequan2','$2a$10$A6ekmszn3RMR/aDlZUESN..GB5QPH76oDOSUxF1o2HD/vZZmGoTUW','0901396167','0901396167',NULL,NULL,'2024-06-07 08:38:55','2024-06-07 08:38:55'),('5c4b0de2-cff5-470b-9d27-293024fecdef','Nguyễn huy cao','$2a$10$RfYWclymbgBLm24z2zGhlOzZYGfEDePwvzrdQeXVV9AbxKb21MFgG','0937114757','0937114757',NULL,NULL,'2024-06-07 08:38:55','2024-06-07 08:38:55'),('5cd67a3d-fdb7-4aea-b710-bac92e8e872c','Hoàng Phúc','$2a$10$2DMB.gqDZh6RxKIoSjF46OQuazCH350yhaq1rig4E0nP/1a23wOyW','0931313570','0931313570',NULL,NULL,'2024-06-07 08:40:44','2024-06-07 08:40:44'),('5d911ac7-939d-407e-9335-8916bdf4e2e8','Văn Chung','$2a$10$YEOQjY9tD0l9GI/LHAFGxuHgIDtSGMv7SsrPow7GajKQXWT8Ql2P.','0896119779','0896119779',NULL,NULL,'2024-06-07 08:40:43','2024-06-07 08:40:43'),('5dc37e1f-f271-4ea5-8d29-206bc84fa9d2','van528','$2a$10$/H2sZYPW7A5We9ob9mjG4OGWV04IFS2Q2ypRO7BlJpf3Z5mkESIFu','0919990528','0919990528',NULL,NULL,'2024-06-07 08:40:44','2024-06-07 08:40:44'),('626a4b25-88ef-4aef-bec8-2b67235fb724','VINH NGUYỄN','$2a$10$otpFv1Cx0K0Uy9uL5/LD4OCGLY6XVBlGKbl5nT/IFJb8IZf4tAnS6','0938662616','0938662616',NULL,NULL,'2024-06-07 08:40:43','2024-06-07 08:40:43'),('6392829c-2633-462c-b840-16ca411aee70','hoangle2706','$2a$10$tYfD.9csDTmJ72bPIYSdjecM7Rd43ZtrR4tI36QIx54MMiuclGXvO','0937554570','0937554570',NULL,NULL,'2024-06-07 08:34:32','2024-06-07 08:34:32'),('639457e4-4cb7-49d2-a535-91a059c07e9f','BÙI HÀ PHIẾU','$2a$10$rkjzBd1CkEXpFbt9z2heQemlwC/V0rE5dqQc.bbvWU1mzfXtWuA52','0583165215','0583165215',NULL,NULL,'2024-06-07 08:36:28','2024-06-07 08:36:28'),('66e3a152-bdcb-44ac-bb09-5b38422de2ec','NGUYỄN AN','$2a$10$H4ay48T9YYWQqczRve7dyOGz1ckDDlkhVb9vSpa6mVYaFeNo2riPq','0979144859','0375174435',NULL,NULL,'2024-06-07 08:34:33','2024-06-07 08:34:33'),('674809df-6781-4163-833a-a3854437d0c2','Trần thanh hải','$2a$10$/THlT3CCDyBh1jYCEa3GAeV8ohu8lgKgIWT0Kgz2QmG6l882n2jDe','0933598239','0933598239',NULL,NULL,'2024-06-07 08:36:29','2024-06-07 08:36:29'),('687d6284-cc98-450a-b621-773f1079e827','Lê Đức cường','$2a$10$3uYsczb2wzaPlV5odvaIt.6qG27AoGxvUGZReYvwWy/Te0KIr1LDG','0888880132','0888880132',NULL,NULL,'2024-06-07 08:34:33','2024-06-07 08:34:33'),('6fbb58de-6ba6-4df2-b5f8-96023dce867b','Trương Quang Cường Quốc','$2a$10$u6fX0fuhnvStGCY9W7s1NO.mMEXOPbLN1rNhaolDKmkt1bGTvNfmG','0822141489','0822141489',NULL,NULL,'2024-06-07 08:34:33','2024-06-07 08:34:33'),('716674f0-9a4e-4b44-803c-5b9a328c3ac8','hoangle2706','$2a$10$0UFV50czLSVw8qlwP.67DuZSfcFp4Tq1YiL0byY8crPvJ7u47nGzm','0937554570','0937554570',NULL,NULL,'2024-06-07 08:36:28','2024-06-07 08:36:28'),('72dfbbf4-e16a-4e7d-8298-dae174f48458','Nguyễn Thị Liên','$2a$10$/yfq2W/VV.GKO3lvVhuhN.BLAAsZHPElCEdOS/Jl44BtgNGKZmxui','0931162255','0931162255',NULL,NULL,'2024-06-07 08:36:28','2024-06-07 08:36:28'),('74776c39-459b-4da1-9741-58b690a5882c','ThuecanhominiQ7','$2a$10$1pvAXp0pnNLhxhakLhzcb.Rl5HM8hQE93gM.10APgJWTtGNZhQHaK','0988373731','0988373731',NULL,NULL,'2024-06-07 08:40:44','2024-06-07 08:40:44'),('76943e38-d3bf-4abb-8408-d846f229ae80','Nguyễn Mỹ Cảnh','$2a$10$76q/wH0e8SgHh5tXYE/q6eOM4fdtrtK8FbCOcyxlrqhmiX2uNG8oO','0858700057','0858700057',NULL,NULL,'2024-06-07 08:34:33','2024-06-07 08:34:33'),('76a2c914-8893-4bed-a1a1-b3aa1741d7cb','Mr Bình','$2a$10$cuCWjwSEFgDaWn/Nle4m.ugqPTF5AytHQZhMYD5nq.VSgdnePy8/G','0936456678','0936456678',NULL,NULL,'2024-06-07 08:40:43','2024-06-07 08:40:43'),('7d752db5-edcc-4ce2-a106-12b7ee3e5227','hoangle2706','$2a$10$627bmN4mlCTVbtIKhoJsBuL5phfrGSY5.Z8EIwn/kOstWpyMTCJ5a','0937554570','0937554570',NULL,NULL,'2024-06-07 08:38:54','2024-06-07 08:38:54'),('7d9a7004-6b62-4802-afa1-33ca5f24313d','Trương Quang Cường Quốc','$2a$10$ZxISFGMvLG0lJ6qOlO4zgubzE9dd/Tw/rXvcJkTfQO430e62NX9hu','0822141489','0822141489',NULL,NULL,'2024-06-07 08:34:32','2024-06-07 08:34:32'),('7f376368-bf3e-4882-8d80-cdaeb9c3ceb2','thuy phan','$2a$10$3u3ufSw9A2enHkLL1fBy0.7VEox1gAElcR2q4kSGdzTaiqHMKpMua','0913609230','0913609230',NULL,NULL,'2024-06-07 08:34:33','2024-06-07 08:34:33'),('7f5a7422-3c23-4576-815a-cd0cea6cdb3f','Quang Minh Phú','$2a$10$Es4dEJEYlq6rJikdkOjDRet0Y2fkE4cpCMK4Qp0GWUBUCnEkMCTZ.','0768919886','0768919886',NULL,NULL,'2024-06-07 08:34:32','2024-06-07 08:34:32'),('8468619b-8c48-45c3-8bf8-eff43c6373d7','lê thị tính','$2a$10$WBq2DSgXEkOPXcgOeHAuBeEjj.KwR384khn7fHT8gJl8UKXzGB9Du','0974810740','0974810740',NULL,NULL,'2024-06-07 08:38:54','2024-06-07 08:38:54'),('849e3220-b56b-4791-a694-056382c2120b','Trần Văn Định','$2a$10$LtpOBISbomMnhjrQzZpN6.L/oMsgEZTsNDWkzgetgDLbto3PSBsaK','0377896738','0377896738',NULL,NULL,'2024-06-07 08:34:32','2024-06-07 08:34:32'),('893fa285-f38a-4c9b-8b11-a42d3bab3c2b','Kim Cúc','$2a$10$VgF3bLGd7XtI6ApvzB.lwukReN5uxdAaNSaUppz5UKSKH18GXOu4S','0973018340','0973018340',NULL,NULL,'2024-06-07 08:34:32','2024-06-07 08:34:32'),('8aead262-d9e8-48c7-9247-5b620cfe94ae','Anh Cảnh','$2a$10$LxDdRZx1RtL5z8P17jN2cOJwuG/2excdsqSx/.8fTrr4dmteBRrT6','0913635257','0913635257',NULL,NULL,'2024-06-07 08:40:44','2024-06-07 08:40:44'),('928ce5fd-bf76-4477-bc82-2c52b454f921','An An','$2a$10$7mr6DWjalO3/1mdOQKuPNuyPiNoxJ5Cc0iROp3mP5SB8d/247SnkK','0777077612','0777077612',NULL,NULL,'2024-06-07 08:26:45','2024-06-07 08:26:45'),('947834a7-0532-4a75-b8a0-c864fc35cc3b','Đặng Ngọc Hải','$2a$10$2WPbodkSVHMxoe8GE4nSX.h2WOIQpsTobnurEvtqi6KJzFvEL9QT2','0907852513','0907852513',NULL,NULL,'2024-06-07 08:26:45','2024-06-07 08:26:45'),('97cd7497-4a75-4daf-b949-652e20ed8ada','thuyngocnt78@gmail.com','$2a$10$PgiMAfjdvY2tOU.h5FVcCOoHLmMZF7s4O9l6VAPJif7ENOjEAKIju','0907667248','0907667248',NULL,NULL,'2024-06-07 08:40:44','2024-06-07 08:40:44'),('9ab21940-5024-496a-9bc5-c5f9a5bfb3bb','Bích Đào','$2a$10$PQeeHqXt0ys8NRbMAY8SP.BEGSDf/K13FMjZ2riwTJFAZrF6BO5V.','0935101516','0935101516',NULL,NULL,'2024-06-07 08:40:43','2024-06-07 08:40:43'),('9e5d6f71-fd92-44e6-96aa-9089e6a39761','nhathuequan2','$2a$10$i5WMMkcUR/eamQ97XIzlzOhl5fglPfyNJDmCGzqUX58spoLS7yC1S','0901396167','0901396167',NULL,NULL,'2024-06-07 08:38:55','2024-06-07 08:38:55'),('9f9216fa-8164-4cb3-930b-65d46d197955','Hồng Nhật','$2a$10$e51oGvkfX5oPQX/AzNA2FerasR.JK0RTkJVdUPS.p77s292g1.kK6','0764997999','0764997999',NULL,NULL,'2024-06-07 08:34:32','2024-06-07 08:34:32'),('9fae4f36-e31a-4a3a-928d-da7fd5bf3fd0','hoangle2706','$2a$10$nlVdPRXxv8Iwdj54lT.0k.R06592dejvpKyoEdqxA1rzKVajBkWzO','0937554570','0937554570',NULL,NULL,'2024-06-07 08:38:55','2024-06-07 08:38:55'),('a00290c2-fa30-4199-9eac-9eefc43cb5c7','huỳnh thị mỹ trâm','$2a$10$81eOOzmdcy99huJthAe4qenJ1D7bc0thpPPQYaTYI9kH9UPGQ9UBO','0916668326','0916668326',NULL,NULL,'2024-06-07 08:40:43','2024-06-07 08:40:43'),('a2eb90a3-b2cb-42ed-aeaa-207efcdde792','Duong','$2a$10$65BlUt.MTTWRwuVgDrfB7eaWtzCoGH3Vs7vC5KiTgKa0Qh6SCt4U6','0906416110','0906416110',NULL,NULL,'2024-06-07 08:38:54','2024-06-07 08:38:54'),('a6b55f08-eae2-4598-822c-936f83609e1a','Co Van','$2a$10$HCkCbmXfJZNnqBBmYFJY7eRfQyK4n4Yz6Rp/JgX3CWFl3HGzZot9.','0344268548','0344268548',NULL,NULL,'2024-06-07 08:34:33','2024-06-07 08:34:33'),('ae2cfd81-ef0e-4229-89e9-a5a0eadf545b','Dương Ngọc Thủ','$2a$10$3FAzpl4eM.JSF/BXZFHLjOOgDOZACXve52r5yjfcRyszF9ylSPvr2','0902973753','0902973753',NULL,NULL,'2024-06-07 08:38:54','2024-06-07 08:38:54'),('b33dd57e-4288-463a-92de-1a50dcf9ff51','An An','$2a$10$IC3FGTK9oBrIz2GRFvoq3OWIKo61Gf2G9t8Y9uU33Pti58I0l/E4m','0777077612','0777077612',NULL,NULL,'2024-06-07 08:36:28','2024-06-07 08:36:28'),('b51a2c33-4132-4d69-be9b-8258b236655c','Văn Chung','$2a$10$CQCcBrZ.rCRrcp2oRD0RYefLUJDslZBO8dfzrLnj.O4/FDRIHDX7S','0896119779','0896119779',NULL,NULL,'2024-06-07 08:40:44','2024-06-07 08:40:44'),('b5b5bf03-e232-4c50-bfc4-7990a65d76a9','An An','$2a$10$Ti1C6JK2LXr7hDZGkVSz0eVThqSDFIcW.1c7OnL1k7nNoBpvW9Zua','0777077612','0777077612',NULL,NULL,'2024-06-07 08:26:45','2024-06-07 08:26:45'),('c0092f6f-90ea-4579-93cf-92cf1b11f550','Chị Đoan','$2a$10$Qel0uZrAJPKrUxUhKOg00eGb8nHwutZIqMUwSso0dRFXG4uM/5P4m','0903934756','0903934756',NULL,NULL,'2024-06-07 08:40:44','2024-06-07 08:40:44'),('c7385c21-c5d2-4aea-b5d4-5cf6be2b937e','hoangle2706','$2a$10$aR5RrOIsGsnSREnUDptFweAP2gWMK2x9WzwIhSLHyBcREgUfLkt6u','0937554570','0937554570',NULL,NULL,'2024-06-07 08:26:45','2024-06-07 08:26:45'),('c744699d-3c87-4d80-bd95-fad2c9991b1b','Tài Megas','$2a$10$3MIt/fdeTzF0j3FX9CvoR.OpN12YGCwtKmXS5j6PleUMfCvVTbFWy','0862421728','0862421728',NULL,NULL,'2024-06-07 08:26:46','2024-06-07 08:26:46'),('c797ea3d-5ab6-4f50-8842-9e241ca546e9','Huỳnh Hoàng Vũ','$2a$10$.1B9kuMJ9AY/TdJ5BOlmJucCXvJsLP1l431wqjaBrIoz3mrHysony','0902995422','0902995422',NULL,NULL,'2024-06-07 08:34:33','2024-06-07 08:34:33'),('ca6a15f0-a9c9-4b6d-a69c-ab049e43e22f','Nguyễn Phạm Đức Cường','$2a$10$4VxnbVLGlXXFk/XBVgnFnejWrTZ./fptYCz7GlVDtzL1tMGVCsLcO','0938864405','0938864405',NULL,NULL,'2024-06-07 08:40:43','2024-06-07 08:40:43'),('ced101df-5bcf-4a66-be4c-697fd4118766','hongngan123','$2a$10$m8BxH5aT/.beRy0fhClQIOnsP3asREKL6yK2q1PZwRvfgbNFEkOiS','0973241157','0973241157',NULL,NULL,'2024-06-07 08:38:54','2024-06-07 08:38:54'),('cf08f6bf-5843-4cda-8e06-497bda62e2a5','Trần thanh hải','$2a$10$cTkh455JwBnKxttmp9LZX.4yanFBsB8pg2ctCh0Ii8icHuBhsnZfa','0933598239','0933598239',NULL,NULL,'2024-06-07 08:26:46','2024-06-07 08:26:46'),('d1fa164a-28ec-4d23-ad02-a26b38c67df0','Đặng Ngọc Hải','$2a$10$vi.T2E7DDd3epsXKzIzByeN8eFhw7ffT92GEEWmjgE1T5mtPtro5.','0907852513','0907852513',NULL,NULL,'2024-06-07 08:36:28','2024-06-07 08:36:28'),('dbe85233-8645-4440-8732-7e024fb58dd2','nguyen thi phuc','$2a$10$PncgDLpKiK/7D87gOWMs9.VqfsdSAjwJOrG.k8LkXMgCLVCE6rWbe','0397077772','0397077772',NULL,NULL,'2024-06-07 08:38:55','2024-06-07 08:38:55'),('dc337dde-ab80-41e3-a923-1e54ec844a62','Thùy Trang','$2a$10$K/mr7x5XFLiBgt0jIvTjX.I/gMDM.6XFGv/evWbBBy.VBJsj7RRA2','0707142793','0707142793',NULL,NULL,'2024-06-07 08:26:45','2024-06-07 08:26:45'),('dcbf3e0f-0a33-46f6-bc08-ea04861e06f9','Dương Ngọc Thủ','$2a$10$pjmpq6oLtJKZzCOpXiRnH.qY3cYf4xDApokDeE7YSf6XpcV0i3eRW','0902973753','0902973753',NULL,NULL,'2024-06-07 08:38:54','2024-06-07 08:38:54'),('dd97cde4-99e9-434e-8b2d-d8b721f92ea2','Tài Megas','$2a$10$4MrxtSQPmUmjDxKFsabR2eEHkdgdVDhMAAtVIDUL3H2AvKHNQEs22','0862421728','0862421728',NULL,NULL,'2024-06-07 08:36:27','2024-06-07 08:36:27'),('e17fda76-a096-4049-b7e6-94898e1af3c2','Trần thanh hải','$2a$10$ATLqWpTG1joGgpKseZPDIO4igekOCYKANpJz03HMWYyqgAi/Ts8/m','0933598239','0933598239',NULL,NULL,'2024-06-07 08:36:29','2024-06-07 08:36:29'),('e46b824f-1eb5-4a4d-9226-0101362fb365','vylost297','$2a$10$as6/dTtagGxyGo7h80Zex.wjCpMwwmFTcLcpjTDv1YpN3PlL.hpKK','0767326068','0767326068',NULL,NULL,'2024-06-07 08:36:27','2024-06-07 08:36:27'),('e8483fb8-d76e-466a-83e9-f4ce2bf6354e','Hoàng Phúc','$2a$10$9ll6wKA8EDeL0TpFRwi8b.pwnRjU3oZgCmpsW4cfVYcDH9wylcQxK','0931313570','0931313570',NULL,NULL,'2024-06-07 08:40:43','2024-06-07 08:40:43'),('ea569644-1a2a-41a8-b1d0-08f24047fe0c','Nguyễn Thị Liên','$2a$10$7DAgNXScLoNpDkmwSZ3vKOLkVo1DlG5S2EGtFL5ttUDUuzITrmyje','0931162255','0931162255',NULL,NULL,'2024-06-07 08:26:46','2024-06-07 08:26:46'),('f3722a0e-5025-42b1-a30e-e4e48ab36dfd','Nguyễn Văn Bên','$2a$10$dxmqxXv0bpeohvQNALaGb.kbpLEOJhxqLV4lmh1oF2YP/uoakmjh2','0904509552','0904509552',NULL,NULL,'2024-06-07 08:34:33','2024-06-07 08:34:33'),('f85263ce-a0f3-4795-b95d-0aa85466d139','Nguyễn Hoàng Nhân','$2a$10$ObkYlpqZ.IwqB6WTLoqbD.ccOB4vH4HgXO3YarqHnByvg22V/4Kk2','0937475715','0937475715',NULL,NULL,'2024-06-07 08:26:45','2024-06-07 08:26:45'),('f9ac13b4-6d33-4a04-9aaa-3751fcab3eb0','Trương Đình Tiến','$2a$10$J275R7dLXCkXGCAOYbLFouG3YOV0AM66ygYCJdm5WT7vSkiVrmI.S','0974422927','0974422927',NULL,NULL,'2024-06-07 08:36:28','2024-06-07 08:36:28'),('fa45188c-1076-49b1-ac7f-c0eed45773fa','Trịnh Phuc','$2a$10$f4/JXAx.gCRPYxHdYHMNMuV..2j7lpp2URepPn2pMcfhCcCdPRoAK','0931610338','0931610338',NULL,NULL,'2024-06-07 08:26:46','2024-06-07 08:26:46');
/*!40000 ALTER TABLE `users` ENABLE KEYS */;
UNLOCK TABLES;
/*!40103 SET TIME_ZONE=@OLD_TIME_ZONE */;

/*!40101 SET SQL_MODE=@OLD_SQL_MODE */;
/*!40014 SET FOREIGN_KEY_CHECKS=@OLD_FOREIGN_KEY_CHECKS */;
/*!40014 SET UNIQUE_CHECKS=@OLD_UNIQUE_CHECKS */;
/*!40101 SET CHARACTER_SET_CLIENT=@OLD_CHARACTER_SET_CLIENT */;
/*!40101 SET CHARACTER_SET_RESULTS=@OLD_CHARACTER_SET_RESULTS */;
/*!40101 SET COLLATION_CONNECTION=@OLD_COLLATION_CONNECTION */;
/*!40111 SET SQL_NOTES=@OLD_SQL_NOTES */;

-- Dump completed on 2024-06-07 15:42:26
